id,state,district,city,road_name,road_segment,latitude,longitude,year,month,day,hour,road_category,cause,vehicle_type,road_user_type,weather,road_condition,lighting_condition,traffic_level,accidents,fatalities,injuries
ACC-10176,Rajasthan,Kotputli-Behror,Kotputli,NH-48 Jaipur-Delhi Corridor,Behror Dhaba Cluster km 128-135,27.86897,76.26936,2024,2,10,1,National Highway,Drunk Driving,Two-Wheeler,Vulnerable Road User (VRU),Rain,Wet / Slippery,Poor / Intermittent,Congested,1,0,1
ACC-10177,Rajasthan,Kotputli-Behror,Kotputli,NH-48 Jaipur-Delhi Corridor,Behror Dhaba Cluster km 128-135,27.87022,76.27519,2024,6,3,23,National Highway,Drunk Driving,Heavy Truck,Commercial Goods,Clear,Damaged / Potholes,Streetlights Operational,Medium,1,0,1
ACC-10178,Rajasthan,Kotputli-Behror,Kotputli,NH-48 Jaipur-Delhi Corridor,Behror Dhaba Cluster km 128-135,27.87544,76.28074,2024,11,6,22,National Highway,Driver Drowsiness,Car,Motorized Passenger,Fog/Mist,Under Construction,Unlit / Pitch Black,Congested,1,1,1
ACC-10179,Rajasthan,Kotputli-Behror,Kotputli,NH-48 Jaipur-Delhi Corridor,Behror Dhaba Cluster km 128-135,27.8772,76.27624,2021,10,4,11,National Highway,Adverse Weather / Fog,Car,Motorized Passenger,Rain,Wet / Slippery,Daylight,Medium,1,0,1
ACC-10180,Rajasthan,Kotputli-Behror,Kotputli,NH-48 Jaipur-Delhi Corridor,Behror Dhaba Cluster km 128-135,27.86722,76.26967,2023,10,13,21,National Highway,Drunk Driving,Car,Motorized Passenger,Clear,Damaged / Potholes,Poor / Intermittent,High,1,0,1
ACC-10181,Rajasthan,Kotputli-Behror,Kotputli,NH-48 Jaipur-Delhi Corridor,Behror Dhaba Cluster km 128-135,27.86843,76.27502,2023,12,5,18,National Highway,Adverse Weather / Fog,Two-Wheeler,Vulnerable Road User (VRU),Clear,Under Construction,Unlit / Pitch Black,Medium,1,0,0
ACC-10182,Rajasthan,Kotputli-Behror,Kotputli,NH-48 Jaipur-Delhi Corridor,Behror Dhaba Cluster km 128-135,27.87122,76.26912,2021,6,1,7,National Highway,Driver Drowsiness,Two-Wheeler,Vulnerable Road User (VRU),Rain,Under Construction,Daylight,Congested,1,0,2
ACC-10183,Rajasthan,Kotputli-Behror,Kotputli,NH-48 Jaipur-Delhi Corridor,Behror Dhaba Cluster km 128-135,27.87209,76.28365,2021,4,10,7,National Highway,Overspeeding,Heavy Truck,Commercial Goods,Rain,Under Construction,Daylight,High,1,0,1
ACC-10184,Rajasthan,Kotputli-Behror,Kotputli,NH-48 Jaipur-Delhi Corridor,Behror Dhaba Cluster km 128-135,27.87043,76.2837,2021,12,15,18,National Highway,Drunk Driving,Two-Wheeler,Vulnerable Road User (VRU),Clear,Damaged / Potholes,Streetlights Operational,High,1,1,2
ACC-10185,Rajasthan,Kotputli-Behror,Kotputli,NH-48 Jaipur-Delhi Corridor,Behror Dhaba Cluster km 128-135,27.87629,76.27692,2022,4,26,14,National Highway,Overspeeding,Two-Wheeler,Vulnerable Road User (VRU),Clear,Under Construction,Daylight,Medium,1,0,2
ACC-10186,Rajasthan,Kotputli-Behror,Kotputli,NH-48 Jaipur-Delhi Corridor,Behror Dhaba Cluster km 128-135,27.87727,76.26983,2023,10,18,23,National Highway,Overspeeding,Car,Motorized Passenger,Clear,Dry / Smooth,Streetlights Operational,Congested,1,0,4
ACC-10187,Rajasthan,Kotputli-Behror,Kotputli,NH-48 Jaipur-Delhi Corridor,Behror Dhaba Cluster km 128-135,27.87003,76.27503,2022,4,5,16,National Highway,Adverse Weather / Fog,Two-Wheeler,Vulnerable Road User (VRU),Rain,Under Construction,Daylight,Medium,1,0,1
ACC-10188,Rajasthan,Kotputli-Behror,Kotputli,NH-48 Jaipur-Delhi Corridor,Behror Dhaba Cluster km 128-135,27.86489,76.28335,2021,7,17,14,National Highway,Overspeeding,Car,Motorized Passenger,Rain,Wet / Slippery,Daylight,High,1,0,2
ACC-10189,Rajasthan,Kotputli-Behror,Kotputli,NH-48 Jaipur-Delhi Corridor,Behror Dhaba Cluster km 128-135,27.87265,76.27686,2023,2,26,7,National Highway,Driver Drowsiness,Heavy Truck,Commercial Goods,Clear,Under Construction,Daylight,Low,1,0,1
ACC-10190,Rajasthan,Kotputli-Behror,Kotputli,NH-48 Jaipur-Delhi Corridor,Behror Dhaba Cluster km 128-135,27.8707,76.28367,2024,6,22,3,National Highway,Drunk Driving,Two-Wheeler,Vulnerable Road User (VRU),Rain,Wet / Slippery,Streetlights Operational,High,1,0,0
ACC-10191,Rajasthan,Kotputli-Behror,Kotputli,NH-48 Jaipur-Delhi Corridor,Behror Dhaba Cluster km 128-135,27.86935,76.28226,2024,4,23,17,National Highway,Overspeeding,Heavy Truck,Commercial Goods,Rain,Wet / Slippery,Daylight,High,1,0,1
ACC-10192,Rajasthan,Kotputli-Behror,Kotputli,NH-48 Jaipur-Delhi Corridor,Behror Dhaba Cluster km 128-135,27.87171,76.27492,2022,1,13,23,National Highway,Adverse Weather / Fog,Car,Motorized Passenger,Fog/Mist,Dry / Smooth,Streetlights Operational,High,1,1,1
ACC-10193,Rajasthan,Kotputli-Behror,Kotputli,NH-48 Jaipur-Delhi Corridor,Behror Dhaba Cluster km 128-135,27.86505,76.27368,2021,12,11,16,National Highway,Driver Drowsiness,Two-Wheeler,Vulnerable Road User (VRU),Rain,Damaged / Potholes,Daylight,High,1,1,2
ACC-10194,Rajasthan,Kotputli-Behror,Kotputli,NH-48 Jaipur-Delhi Corridor,Behror Dhaba Cluster km 128-135,27.86902,76.27121,2023,3,13,15,National Highway,Adverse Weather / Fog,Two-Wheeler,Vulnerable Road User (VRU),Clear,Damaged / Potholes,Daylight,High,1,0,0
ACC-10195,Rajasthan,Kotputli-Behror,Kotputli,NH-48 Jaipur-Delhi Corridor,Behror Dhaba Cluster km 128-135,27.87606,76.27176,2022,7,20,16,National Highway,Adverse Weather / Fog,Heavy Truck,Commercial Goods,Clear,Damaged / Potholes,Daylight,Congested,1,0,1
ACC-10196,Rajasthan,Kotputli-Behror,Kotputli,NH-48 Jaipur-Delhi Corridor,Behror Dhaba Cluster km 128-135,27.87867,76.27572,2021,4,18,23,National Highway,Overspeeding,Two-Wheeler,Vulnerable Road User (VRU),Clear,Damaged / Potholes,Poor / Intermittent,Congested,1,1,2
ACC-10197,Rajasthan,Kotputli-Behror,Kotputli,NH-48 Jaipur-Delhi Corridor,Behror Dhaba Cluster km 128-135,27.87867,76.28013,2021,4,16,1,National Highway,Drunk Driving,Car,Motorized Passenger,Rain,Damaged / Potholes,Streetlights Operational,Congested,1,1,2
ACC-10198,Rajasthan,Kotputli-Behror,Kotputli,NH-48 Jaipur-Delhi Corridor,Behror Dhaba Cluster km 128-135,27.87365,76.2764,2021,10,3,7,National Highway,Drunk Driving,Heavy Truck,Commercial Goods,Clear,Under Construction,Daylight,Congested,1,0,1
ACC-10199,Rajasthan,Kotputli-Behror,Kotputli,NH-48 Jaipur-Delhi Corridor,Behror Dhaba Cluster km 128-135,27.87694,76.26873,2022,5,3,20,National Highway,Adverse Weather / Fog,Heavy Truck,Commercial Goods,Clear,Under Construction,Streetlights Operational,Low,1,0,2
ACC-10200,Rajasthan,Kotputli-Behror,Kotputli,NH-48 Jaipur-Delhi Corridor,Behror Dhaba Cluster km 128-135,27.86602,76.28305,2021,7,4,21,National Highway,Drunk Driving,Car,Motorized Passenger,Clear,Damaged / Potholes,Streetlights Operational,High,1,0,2
ACC-10201,Rajasthan,Kotputli-Behror,Kotputli,NH-48 Jaipur-Delhi Corridor,Behror Dhaba Cluster km 128-135,27.87263,76.26903,2023,3,12,8,National Highway,Drunk Driving,Heavy Truck,Commercial Goods,Rain,Wet / Slippery,Daylight,Congested,1,1,2
ACC-10202,Rajasthan,Kotputli-Behror,Kotputli,NH-48 Jaipur-Delhi Corridor,Behror Dhaba Cluster km 128-135,27.87095,76.27393,2024,9,12,21,National Highway,Adverse Weather / Fog,Car,Motorized Passenger,Clear,Dry / Smooth,Unlit / Pitch Black,High,1,2,1
ACC-10203,Rajasthan,Kotputli-Behror,Kotputli,NH-48 Jaipur-Delhi Corridor,Behror Dhaba Cluster km 128-135,27.86531,76.27857,2022,3,28,23,National Highway,Driver Drowsiness,Heavy Truck,Commercial Goods,Rain,Wet / Slippery,Poor / Intermittent,Low,1,0,1
ACC-10204,Rajasthan,Kotputli-Behror,Kotputli,NH-48 Jaipur-Delhi Corridor,Behror Dhaba Cluster km 128-135,27.86661,76.27682,2021,3,8,3,National Highway,Driver Drowsiness,Heavy Truck,Commercial Goods,Rain,Wet / Slippery,Streetlights Operational,Low,1,1,0
ACC-10205,Rajasthan,Kotputli-Behror,Kotputli,NH-48 Jaipur-Delhi Corridor,Behror Dhaba Cluster km 128-135,27.87206,76.27798,2023,12,20,9,National Highway,Driver Drowsiness,Heavy Truck,Commercial Goods,Clear,Damaged / Potholes,Daylight,High,1,0,0
ACC-10206,Rajasthan,Kotputli-Behror,Kotputli,NH-48 Jaipur-Delhi Corridor,Behror Dhaba Cluster km 128-135,27.87896,76.27008,2021,6,1,9,National Highway,Overspeeding,Heavy Truck,Commercial Goods,Rain,Wet / Slippery,Daylight,Medium,1,0,3
ACC-10207,Rajasthan,Kotputli-Behror,Kotputli,NH-48 Jaipur-Delhi Corridor,Behror Dhaba Cluster km 128-135,27.86493,76.26994,2023,2,2,17,National Highway,Driver Drowsiness,Two-Wheeler,Vulnerable Road User (VRU),Rain,Wet / Slippery,Daylight,Congested,1,0,0
ACC-10208,Tamil Nadu,Kanchipuram,Sriperumbudur,Chennai-Bengaluru Highway NH-48,Irungattukottai SIPCOT Industrial Hub,12.96238,79.94942,2024,2,19,18,National Highway,Overspeeding,Pedestrian,Vulnerable Road User (VRU),Clear,Under Construction,Poor / Intermittent,Low,1,1,3
ACC-10209,Tamil Nadu,Kanchipuram,Sriperumbudur,Chennai-Bengaluru Highway NH-48,Irungattukottai SIPCOT Industrial Hub,12.97384,79.93855,2021,3,4,19,National Highway,Poor Lighting,Heavy Truck,Commercial Goods,Rain,Wet / Slippery,Unlit / Pitch Black,Medium,1,0,1
ACC-10210,Tamil Nadu,Kanchipuram,Sriperumbudur,Chennai-Bengaluru Highway NH-48,Irungattukottai SIPCOT Industrial Hub,12.96498,79.95022,2023,12,23,7,National Highway,Poor Lighting,Pedestrian,Vulnerable Road User (VRU),Clear,Dry / Smooth,Daylight,Low,1,0,0
ACC-10211,Tamil Nadu,Kanchipuram,Sriperumbudur,Chennai-Bengaluru Highway NH-48,Irungattukottai SIPCOT Industrial Hub,12.96376,79.94027,2022,1,13,11,National Highway,Overspeeding,Two-Wheeler,Vulnerable Road User (VRU),Clear,Under Construction,Daylight,Medium,1,1,2
ACC-10212,Tamil Nadu,Kanchipuram,Sriperumbudur,Chennai-Bengaluru Highway NH-48,Irungattukottai SIPCOT Industrial Hub,12.96167,79.95066,2024,6,22,22,National Highway,Pedestrian Crossing Hazard,Bus,Motorized Passenger,Rain,Wet / Slippery,Streetlights Operational,High,1,1,2
ACC-10213,Tamil Nadu,Kanchipuram,Sriperumbudur,Chennai-Bengaluru Highway NH-48,Irungattukottai SIPCOT Industrial Hub,12.97473,79.9415,2023,2,2,3,National Highway,Overspeeding,Heavy Truck,Commercial Goods,Rain,Under Construction,Streetlights Operational,High,1,1,1
ACC-10214,Tamil Nadu,Kanchipuram,Sriperumbudur,Chennai-Bengaluru Highway NH-48,Irungattukottai SIPCOT Industrial Hub,12.97435,79.94551,2024,3,2,21,National Highway,Overspeeding,Bus,Motorized Passenger,Clear,Under Construction,Streetlights Operational,High,1,1,0
ACC-10215,Tamil Nadu,Kanchipuram,Sriperumbudur,Chennai-Bengaluru Highway NH-48,Irungattukottai SIPCOT Industrial Hub,12.96975,79.93757,2021,7,26,10,National Highway,Potholes / Road Surface Defect,Bus,Motorized Passenger,Clear,Damaged / Potholes,Daylight,Congested,1,0,0
ACC-10216,Tamil Nadu,Kanchipuram,Sriperumbudur,Chennai-Bengaluru Highway NH-48,Irungattukottai SIPCOT Industrial Hub,12.97326,79.95178,2023,1,26,11,National Highway,Poor Lighting,Pedestrian,Vulnerable Road User (VRU),Clear,Damaged / Potholes,Daylight,Medium,1,0,1
ACC-10217,Tamil Nadu,Kanchipuram,Sriperumbudur,Chennai-Bengaluru Highway NH-48,Irungattukottai SIPCOT Industrial Hub,12.97201,79.94284,2021,4,19,15,National Highway,Potholes / Road Surface Defect,Bus,Motorized Passenger,Clear,Damaged / Potholes,Daylight,Medium,1,0,1
ACC-10218,Tamil Nadu,Kanchipuram,Sriperumbudur,Chennai-Bengaluru Highway NH-48,Irungattukottai SIPCOT Industrial Hub,12.9637,79.94552,2021,12,23,21,National Highway,Overspeeding,Pedestrian,Vulnerable Road User (VRU),Clear,Under Construction,Streetlights Operational,Medium,1,1,1
ACC-10219,Tamil Nadu,Kanchipuram,Sriperumbudur,Chennai-Bengaluru Highway NH-48,Irungattukottai SIPCOT Industrial Hub,12.97259,79.95064,2021,6,20,2,National Highway,Poor Lighting,Pedestrian,Vulnerable Road User (VRU),Rain,Wet / Slippery,Poor / Intermittent,Medium,1,0,3
ACC-10220,Tamil Nadu,Kanchipuram,Sriperumbudur,Chennai-Bengaluru Highway NH-48,Irungattukottai SIPCOT Industrial Hub,12.96719,79.94733,2023,2,12,13,National Highway,Potholes / Road Surface Defect,Two-Wheeler,Vulnerable Road User (VRU),Clear,Damaged / Potholes,Daylight,Low,1,3,2
ACC-10221,Tamil Nadu,Kanchipuram,Sriperumbudur,Chennai-Bengaluru Highway NH-48,Irungattukottai SIPCOT Industrial Hub,12.97538,79.94337,2024,11,11,20,National Highway,Poor Lighting,Pedestrian,Vulnerable Road User (VRU),Clear,Under Construction,Unlit / Pitch Black,Low,1,1,3
ACC-10222,Tamil Nadu,Kanchipuram,Sriperumbudur,Chennai-Bengaluru Highway NH-48,Irungattukottai SIPCOT Industrial Hub,12.97437,79.93852,2021,3,20,21,National Highway,Overspeeding,Two-Wheeler,Vulnerable Road User (VRU),Clear,Damaged / Potholes,Streetlights Operational,High,1,3,0
ACC-10223,Tamil Nadu,Kanchipuram,Sriperumbudur,Chennai-Bengaluru Highway NH-48,Irungattukottai SIPCOT Industrial Hub,12.96721,79.94381,2023,8,1,7,National Highway,Pedestrian Crossing Hazard,Bus,Motorized Passenger,Rain,Wet / Slippery,Daylight,High,1,0,0
ACC-10224,Tamil Nadu,Kanchipuram,Sriperumbudur,Chennai-Bengaluru Highway NH-48,Irungattukottai SIPCOT Industrial Hub,12.96492,79.9422,2022,7,16,8,National Highway,Potholes / Road Surface Defect,Two-Wheeler,Vulnerable Road User (VRU),Rain,Damaged / Potholes,Daylight,Medium,1,1,2
ACC-10225,Tamil Nadu,Kanchipuram,Sriperumbudur,Chennai-Bengaluru Highway NH-48,Irungattukottai SIPCOT Industrial Hub,12.97066,79.94682,2021,2,11,18,National Highway,Overspeeding,Two-Wheeler,Vulnerable Road User (VRU),Clear,Dry / Smooth,Streetlights Operational,Congested,1,0,1
ACC-10226,Tamil Nadu,Kanchipuram,Sriperumbudur,Chennai-Bengaluru Highway NH-48,Irungattukottai SIPCOT Industrial Hub,12.96899,79.94496,2024,3,2,7,National Highway,Overspeeding,Heavy Truck,Commercial Goods,Rain,Wet / Slippery,Daylight,Low,1,1,1
ACC-10227,Tamil Nadu,Kanchipuram,Sriperumbudur,Chennai-Bengaluru Highway NH-48,Irungattukottai SIPCOT Industrial Hub,12.96778,79.93895,2021,6,1,8,National Highway,Potholes / Road Surface Defect,Pedestrian,Vulnerable Road User (VRU),Clear,Damaged / Potholes,Daylight,High,1,1,3
ACC-10228,Tamil Nadu,Kanchipuram,Sriperumbudur,Chennai-Bengaluru Highway NH-48,Irungattukottai SIPCOT Industrial Hub,12.96441,79.94454,2024,8,16,7,National Highway,Pedestrian Crossing Hazard,Heavy Truck,Commercial Goods,Rain,Wet / Slippery,Daylight,Congested,1,0,1
ACC-10229,Tamil Nadu,Kanchipuram,Sriperumbudur,Chennai-Bengaluru Highway NH-48,Irungattukottai SIPCOT Industrial Hub,12.9669,79.94567,2022,5,19,23,National Highway,Pedestrian Crossing Hazard,Two-Wheeler,Vulnerable Road User (VRU),Clear,Under Construction,Streetlights Operational,High,1,0,2
ACC-10230,Tamil Nadu,Kanchipuram,Sriperumbudur,Chennai-Bengaluru Highway NH-48,Irungattukottai SIPCOT Industrial Hub,12.97538,79.93977,2024,10,8,1,National Highway,Potholes / Road Surface Defect,Two-Wheeler,Vulnerable Road User (VRU),Clear,Damaged / Potholes,Streetlights Operational,High,1,0,1
ACC-10231,Tamil Nadu,Kanchipuram,Sriperumbudur,Chennai-Bengaluru Highway NH-48,Irungattukottai SIPCOT Industrial Hub,12.96159,79.946,2022,4,5,1,National Highway,Potholes / Road Surface Defect,Pedestrian,Vulnerable Road User (VRU),Clear,Damaged / Potholes,Streetlights Operational,Low,1,1,2
ACC-10232,Tamil Nadu,Kanchipuram,Sriperumbudur,Chennai-Bengaluru Highway NH-48,Irungattukottai SIPCOT Industrial Hub,12.96478,79.94567,2023,5,17,0,National Highway,Potholes / Road Surface Defect,Two-Wheeler,Vulnerable Road User (VRU),Clear,Damaged / Potholes,Unlit / Pitch Black,High,1,0,0
ACC-10233,Tamil Nadu,Kanchipuram,Sriperumbudur,Chennai-Bengaluru Highway NH-48,Irungattukottai SIPCOT Industrial Hub,12.964,79.94903,2023,7,9,19,National Highway,Potholes / Road Surface Defect,Two-Wheeler,Vulnerable Road User (VRU),Clear,Damaged / Potholes,Poor / Intermittent,Congested,1,2,1
ACC-10234,Tamil Nadu,Kanchipuram,Sriperumbudur,Chennai-Bengaluru Highway NH-48,Irungattukottai SIPCOT Industrial Hub,12.97258,79.94223,2023,6,1,8,National Highway,Poor Lighting,Bus,Motorized Passenger,Clear,Dry / Smooth,Daylight,Medium,1,0,2
ACC-10235,Tamil Nadu,Kanchipuram,Sriperumbudur,Chennai-Bengaluru Highway NH-48,Irungattukottai SIPCOT Industrial Hub,12.96518,79.94521,2024,10,21,19,National Highway,Overspeeding,Heavy Truck,Commercial Goods,Rain,Wet / Slippery,Streetlights Operational,High,1,0,0
ACC-10236,Tamil Nadu,Kanchipuram,Sriperumbudur,Chennai-Bengaluru Highway NH-48,Irungattukottai SIPCOT Industrial Hub,12.96609,79.94453,2022,9,19,7,National Highway,Overspeeding,Two-Wheeler,Vulnerable Road User (VRU),Rain,Wet / Slippery,Daylight,Congested,1,1,0
ACC-10237,Tamil Nadu,Kanchipuram,Sriperumbudur,Chennai-Bengaluru Highway NH-48,Irungattukottai SIPCOT Industrial Hub,12.96902,79.94261,2024,11,4,6,National Highway,Poor Lighting,Heavy Truck,Commercial Goods,Fog/Mist,Under Construction,Daylight,Medium,1,0,1
ACC-10238,Tamil Nadu,Kanchipuram,Sriperumbudur,Chennai-Bengaluru Highway NH-48,Irungattukottai SIPCOT Industrial Hub,12.97104,79.94141,2023,12,27,7,National Highway,Pedestrian Crossing Hazard,Heavy Truck,Commercial Goods,Clear,Dry / Smooth,Daylight,Medium,1,0,1
ACC-10239,Tamil Nadu,Kanchipuram,Sriperumbudur,Chennai-Bengaluru Highway NH-48,Irungattukottai SIPCOT Industrial Hub,12.96509,79.95257,2024,9,1,15,National Highway,Pedestrian Crossing Hazard,Heavy Truck,Commercial Goods,Clear,Damaged / Potholes,Daylight,Medium,1,0,2
ACC-10240,Tamil Nadu,Kanchipuram,Sriperumbudur,Chennai-Bengaluru Highway NH-48,Irungattukottai SIPCOT Industrial Hub,12.97619,79.95256,2023,7,13,10,National Highway,Poor Lighting,Pedestrian,Vulnerable Road User (VRU),Rain,Wet / Slippery,Daylight,Congested,1,0,0
ACC-10241,Tamil Nadu,Kanchipuram,Sriperumbudur,Chennai-Bengaluru Highway NH-48,Irungattukottai SIPCOT Industrial Hub,12.97398,79.94128,2023,9,21,8,National Highway,Poor Lighting,Two-Wheeler,Vulnerable Road User (VRU),Rain,Wet / Slippery,Daylight,Low,1,0,1
ACC-10242,Tamil Nadu,Kanchipuram,Sriperumbudur,Chennai-Bengaluru Highway NH-48,Irungattukottai SIPCOT Industrial Hub,12.97616,79.94125,2023,4,5,7,National Highway,Pedestrian Crossing Hazard,Heavy Truck,Commercial Goods,Rain,Wet / Slippery,Daylight,Medium,1,0,2
ACC-10243,Tamil Nadu,Kanchipuram,Sriperumbudur,Chennai-Bengaluru Highway NH-48,Irungattukottai SIPCOT Industrial Hub,12.97365,79.95112,2024,7,13,12,National Highway,Overspeeding,Bus,Motorized Passenger,Rain,Damaged / Potholes,Daylight,Low,1,0,2
ACC-10244,Tamil Nadu,Kanchipuram,Sriperumbudur,Chennai-Bengaluru Highway NH-48,Irungattukottai SIPCOT Industrial Hub,12.97439,79.94305,2022,5,4,23,National Highway,Poor Lighting,Pedestrian,Vulnerable Road User (VRU),Clear,Dry / Smooth,Poor / Intermittent,Low,1,2,1
ACC-10245,Tamil Nadu,Kanchipuram,Sriperumbudur,Chennai-Bengaluru Highway NH-48,Irungattukottai SIPCOT Industrial Hub,12.9634,79.94365,2023,8,28,0,National Highway,Pedestrian Crossing Hazard,Heavy Truck,Commercial Goods,Clear,Under Construction,Streetlights Operational,Congested,1,2,0
ACC-10246,Tamil Nadu,Kanchipuram,Sriperumbudur,Chennai-Bengaluru Highway NH-48,Irungattukottai SIPCOT Industrial Hub,12.9629,79.94933,2024,3,11,5,National Highway,Pedestrian Crossing Hazard,Heavy Truck,Commercial Goods,Rain,Wet / Slippery,Unlit / Pitch Black,High,1,1,2
ACC-10247,Tamil Nadu,Kanchipuram,Sriperumbudur,Chennai-Bengaluru Highway NH-48,Irungattukottai SIPCOT Industrial Hub,12.96043,79.94226,2024,2,5,22,National Highway,Potholes / Road Surface Defect,Heavy Truck,Commercial Goods,Rain,Damaged / Potholes,Poor / Intermittent,High,1,1,1
ACC-10248,Tamil Nadu,Kanchipuram,Sriperumbudur,Chennai-Bengaluru Highway NH-48,Irungattukottai SIPCOT Industrial Hub,12.96287,79.95028,2022,1,22,23,National Highway,Overspeeding,Pedestrian,Vulnerable Road User (VRU),Rain,Wet / Slippery,Streetlights Operational,Low,1,1,1
ACC-10249,Tamil Nadu,Kanchipuram,Sriperumbudur,Chennai-Bengaluru Highway NH-48,Irungattukottai SIPCOT Industrial Hub,12.97537,79.95179,2023,5,15,12,National Highway,Poor Lighting,Heavy Truck,Commercial Goods,Clear,Damaged / Potholes,Daylight,Congested,1,0,0
ACC-10250,Telangana,Rangareddy,Hyderabad,Hyderabad ORR (Gachibowli-Airport),Exit 17 Rajendranagar to Shamshabad km 30-36,17.2995,78.41465,2024,1,8,2,Expressway,Drunk Driving,Heavy Truck,Commercial Goods,Fog/Mist,Dry / Smooth,Unlit / Pitch Black,Low,1,0,2
ACC-10251,Telangana,Rangareddy,Hyderabad,Hyderabad ORR (Gachibowli-Airport),Exit 17 Rajendranagar to Shamshabad km 30-36,17.30109,78.40685,2021,10,2,13,Expressway,Overspeeding,Car,Motorized Passenger,Rain,Dry / Smooth,Daylight,Congested,1,0,1
ACC-10252,Telangana,Rangareddy,Hyderabad,Hyderabad ORR (Gachibowli-Airport),Exit 17 Rajendranagar to Shamshabad km 30-36,17.29802,78.41696,2021,5,14,13,Expressway,Tire Burst / Mechanical,Heavy Truck,Commercial Goods,Rain,Damaged / Potholes,Daylight,High,1,0,1
ACC-10253,Telangana,Rangareddy,Hyderabad,Hyderabad ORR (Gachibowli-Airport),Exit 17 Rajendranagar to Shamshabad km 30-36,17.30843,78.40969,2024,4,20,8,Expressway,Drunk Driving,Two-Wheeler,Vulnerable Road User (VRU),Clear,Under Construction,Daylight,Medium,1,1,1
ACC-10254,Telangana,Rangareddy,Hyderabad,Hyderabad ORR (Gachibowli-Airport),Exit 17 Rajendranagar to Shamshabad km 30-36,17.30081,78.42004,2021,1,22,1,Expressway,Dangerous Junction Geometry,Car,Motorized Passenger,Fog/Mist,Dry / Smooth,Streetlights Operational,High,1,0,1
ACC-10255,Telangana,Rangareddy,Hyderabad,Hyderabad ORR (Gachibowli-Airport),Exit 17 Rajendranagar to Shamshabad km 30-36,17.30713,78.41501,2023,8,2,2,Expressway,Overspeeding,Two-Wheeler,Vulnerable Road User (VRU),Rain,Wet / Slippery,Poor / Intermittent,High,1,1,0
ACC-10256,Telangana,Rangareddy,Hyderabad,Hyderabad ORR (Gachibowli-Airport),Exit 17 Rajendranagar to Shamshabad km 30-36,17.29785,78.41057,2022,6,12,12,Expressway,Tire Burst / Mechanical,Heavy Truck,Commercial Goods,Rain,Wet / Slippery,Daylight,Low,1,1,3
ACC-10257,Telangana,Rangareddy,Hyderabad,Hyderabad ORR (Gachibowli-Airport),Exit 17 Rajendranagar to Shamshabad km 30-36,17.3026,78.41141,2024,7,21,5,Expressway,Overspeeding,Car,Motorized Passenger,Rain,Wet / Slippery,Streetlights Operational,Medium,1,2,1
ACC-10258,Telangana,Rangareddy,Hyderabad,Hyderabad ORR (Gachibowli-Airport),Exit 17 Rajendranagar to Shamshabad km 30-36,17.2937,78.41829,2024,6,20,22,Expressway,Drunk Driving,Two-Wheeler,Vulnerable Road User (VRU),Rain,Wet / Slippery,Streetlights Operational,Congested,1,1,2
ACC-10259,Telangana,Rangareddy,Hyderabad,Hyderabad ORR (Gachibowli-Airport),Exit 17 Rajendranagar to Shamshabad km 30-36,17.29588,78.41762,2022,11,28,20,Expressway,Overspeeding,Two-Wheeler,Vulnerable Road User (VRU),Rain,Damaged / Potholes,Streetlights Operational,Low,1,0,1
ACC-10260,Telangana,Rangareddy,Hyderabad,Hyderabad ORR (Gachibowli-Airport),Exit 17 Rajendranagar to Shamshabad km 30-36,17.30161,78.41321,2021,1,21,11,Expressway,Dangerous Junction Geometry,Two-Wheeler,Vulnerable Road User (VRU),Clear,Damaged / Potholes,Daylight,Congested,1,1,1
ACC-10261,Telangana,Rangareddy,Hyderabad,Hyderabad ORR (Gachibowli-Airport),Exit 17 Rajendranagar to Shamshabad km 30-36,17.29378,78.41086,2024,7,27,19,Expressway,Dangerous Junction Geometry,Heavy Truck,Commercial Goods,Rain,Wet / Slippery,Poor / Intermittent,High,1,0,2