id,state,district,city,road_name,road_segment,latitude,longitude,year,month,day,hour,road_category,cause,vehicle_type,road_user_type,weather,road_condition,lighting_condition,traffic_level,accidents,fatalities,injuries
ACC-10262,Telangana,Rangareddy,Hyderabad,Hyderabad ORR (Gachibowli-Airport),Exit 17 Rajendranagar to Shamshabad km 30-36,17.30701,78.40971,2021,9,18,1,Expressway,Tire Burst / Mechanical,Heavy Truck,Commercial Goods,Clear,Under Construction,Streetlights Operational,Low,1,0,2
ACC-10263,Telangana,Rangareddy,Hyderabad,Hyderabad ORR (Gachibowli-Airport),Exit 17 Rajendranagar to Shamshabad km 30-36,17.3063,78.41316,2024,12,22,19,Expressway,Overspeeding,Car,Motorized Passenger,Clear,Damaged / Potholes,Streetlights Operational,Low,1,0,1
ACC-10264,Telangana,Rangareddy,Hyderabad,Hyderabad ORR (Gachibowli-Airport),Exit 17 Rajendranagar to Shamshabad km 30-36,17.30714,78.40785,2023,12,4,2,Expressway,Dangerous Junction Geometry,Car,Motorized Passenger,Fog/Mist,Under Construction,Streetlights Operational,High,1,1,0
ACC-10265,Telangana,Rangareddy,Hyderabad,Hyderabad ORR (Gachibowli-Airport),Exit 17 Rajendranagar to Shamshabad km 30-36,17.29565,78.41238,2022,12,11,18,Expressway,Overspeeding,Heavy Truck,Commercial Goods,Rain,Dry / Smooth,Streetlights Operational,Congested,1,0,3
ACC-10266,Telangana,Rangareddy,Hyderabad,Hyderabad ORR (Gachibowli-Airport),Exit 17 Rajendranagar to Shamshabad km 30-36,17.29865,78.4185,2021,9,14,10,Expressway,Drunk Driving,Heavy Truck,Commercial Goods,Clear,Damaged / Potholes,Daylight,Congested,1,0,1
ACC-10267,Telangana,Rangareddy,Hyderabad,Hyderabad ORR (Gachibowli-Airport),Exit 17 Rajendranagar to Shamshabad km 30-36,17.30314,78.41858,2024,10,23,7,Expressway,Dangerous Junction Geometry,Two-Wheeler,Vulnerable Road User (VRU),Rain,Wet / Slippery,Daylight,Congested,1,0,0
ACC-10268,Telangana,Rangareddy,Hyderabad,Hyderabad ORR (Gachibowli-Airport),Exit 17 Rajendranagar to Shamshabad km 30-36,17.30487,78.42,2023,12,18,14,Expressway,Drunk Driving,Car,Motorized Passenger,Clear,Damaged / Potholes,Daylight,Low,1,0,0
ACC-10269,Telangana,Rangareddy,Hyderabad,Hyderabad ORR (Gachibowli-Airport),Exit 17 Rajendranagar to Shamshabad km 30-36,17.2939,78.40673,2022,9,18,8,Expressway,Overspeeding,Two-Wheeler,Vulnerable Road User (VRU),Clear,Under Construction,Daylight,Congested,1,0,1
ACC-10270,Telangana,Rangareddy,Hyderabad,Hyderabad ORR (Gachibowli-Airport),Exit 17 Rajendranagar to Shamshabad km 30-36,17.30652,78.40604,2021,4,9,5,Expressway,Tire Burst / Mechanical,Heavy Truck,Commercial Goods,Rain,Wet / Slippery,Unlit / Pitch Black,Medium,1,0,0
ACC-10271,Telangana,Rangareddy,Hyderabad,Hyderabad ORR (Gachibowli-Airport),Exit 17 Rajendranagar to Shamshabad km 30-36,17.30446,78.41985,2022,12,21,7,Expressway,Tire Burst / Mechanical,Heavy Truck,Commercial Goods,Rain,Dry / Smooth,Daylight,Congested,1,0,2
ACC-10272,Telangana,Rangareddy,Hyderabad,Hyderabad ORR (Gachibowli-Airport),Exit 17 Rajendranagar to Shamshabad km 30-36,17.29821,78.40724,2021,1,24,21,Expressway,Dangerous Junction Geometry,Car,Motorized Passenger,Rain,Wet / Slippery,Streetlights Operational,Medium,1,0,3
ACC-10273,Telangana,Rangareddy,Hyderabad,Hyderabad ORR (Gachibowli-Airport),Exit 17 Rajendranagar to Shamshabad km 30-36,17.29414,78.41926,2021,3,6,4,Expressway,Dangerous Junction Geometry,Car,Motorized Passenger,Clear,Damaged / Potholes,Poor / Intermittent,Low,1,1,3
ACC-10274,Telangana,Rangareddy,Hyderabad,Hyderabad ORR (Gachibowli-Airport),Exit 17 Rajendranagar to Shamshabad km 30-36,17.29702,78.40734,2021,11,20,7,Expressway,Dangerous Junction Geometry,Heavy Truck,Commercial Goods,Rain,Wet / Slippery,Daylight,High,1,0,1
ACC-10275,Telangana,Rangareddy,Hyderabad,Hyderabad ORR (Gachibowli-Airport),Exit 17 Rajendranagar to Shamshabad km 30-36,17.3011,78.41338,2021,9,6,20,Expressway,Dangerous Junction Geometry,Car,Motorized Passenger,Rain,Wet / Slippery,Unlit / Pitch Black,Low,1,2,2
ACC-10276,Telangana,Rangareddy,Hyderabad,Hyderabad ORR (Gachibowli-Airport),Exit 17 Rajendranagar to Shamshabad km 30-36,17.29967,78.41304,2021,2,22,7,Expressway,Drunk Driving,Car,Motorized Passenger,Rain,Wet / Slippery,Daylight,Congested,1,0,3
ACC-10277,Telangana,Rangareddy,Hyderabad,Hyderabad ORR (Gachibowli-Airport),Exit 17 Rajendranagar to Shamshabad km 30-36,17.30905,78.41677,2023,1,17,8,Expressway,Dangerous Junction Geometry,Two-Wheeler,Vulnerable Road User (VRU),Clear,Dry / Smooth,Daylight,Medium,1,1,0
ACC-10278,Telangana,Rangareddy,Hyderabad,Hyderabad ORR (Gachibowli-Airport),Exit 17 Rajendranagar to Shamshabad km 30-36,17.30545,78.40686,2021,11,3,22,Expressway,Drunk Driving,Heavy Truck,Commercial Goods,Fog/Mist,Damaged / Potholes,Unlit / Pitch Black,Congested,1,0,3
ACC-10279,Telangana,Rangareddy,Hyderabad,Hyderabad ORR (Gachibowli-Airport),Exit 17 Rajendranagar to Shamshabad km 30-36,17.30072,78.41087,2024,12,11,1,Expressway,Overspeeding,Car,Motorized Passenger,Fog/Mist,Dry / Smooth,Streetlights Operational,Medium,1,0,1
ACC-10280,Telangana,Rangareddy,Hyderabad,Hyderabad ORR (Gachibowli-Airport),Exit 17 Rajendranagar to Shamshabad km 30-36,17.29814,78.41537,2023,1,13,11,Expressway,Overspeeding,Heavy Truck,Commercial Goods,Clear,Dry / Smooth,Daylight,High,1,0,1
ACC-10281,Telangana,Rangareddy,Hyderabad,Hyderabad ORR (Gachibowli-Airport),Exit 17 Rajendranagar to Shamshabad km 30-36,17.29976,78.41716,2021,5,25,9,Expressway,Dangerous Junction Geometry,Heavy Truck,Commercial Goods,Rain,Dry / Smooth,Daylight,Medium,1,0,0
ACC-10282,Telangana,Rangareddy,Hyderabad,Hyderabad ORR (Gachibowli-Airport),Exit 17 Rajendranagar to Shamshabad km 30-36,17.30226,78.40576,2023,11,5,23,Expressway,Tire Burst / Mechanical,Car,Motorized Passenger,Fog/Mist,Damaged / Potholes,Streetlights Operational,High,1,1,1
ACC-10283,Telangana,Rangareddy,Hyderabad,Hyderabad ORR (Gachibowli-Airport),Exit 17 Rajendranagar to Shamshabad km 30-36,17.2964,78.41719,2022,12,24,8,Expressway,Drunk Driving,Two-Wheeler,Vulnerable Road User (VRU),Clear,Damaged / Potholes,Daylight,Medium,1,2,0
ACC-10284,Telangana,Rangareddy,Hyderabad,Hyderabad ORR (Gachibowli-Airport),Exit 17 Rajendranagar to Shamshabad km 30-36,17.30424,78.40815,2021,9,15,1,Expressway,Tire Burst / Mechanical,Heavy Truck,Commercial Goods,Rain,Wet / Slippery,Unlit / Pitch Black,Congested,1,0,1
ACC-10285,Telangana,Rangareddy,Hyderabad,Hyderabad ORR (Gachibowli-Airport),Exit 17 Rajendranagar to Shamshabad km 30-36,17.30257,78.41732,2023,10,3,8,Expressway,Dangerous Junction Geometry,Two-Wheeler,Vulnerable Road User (VRU),Rain,Wet / Slippery,Daylight,Low,1,0,0
ACC-10286,Telangana,Rangareddy,Hyderabad,Hyderabad ORR (Gachibowli-Airport),Exit 17 Rajendranagar to Shamshabad km 30-36,17.30118,78.41153,2024,3,1,7,Expressway,Dangerous Junction Geometry,Two-Wheeler,Vulnerable Road User (VRU),Rain,Wet / Slippery,Daylight,Medium,1,0,1
ACC-10287,Telangana,Rangareddy,Hyderabad,Hyderabad ORR (Gachibowli-Airport),Exit 17 Rajendranagar to Shamshabad km 30-36,17.29471,78.4047,2023,8,18,22,Expressway,Overspeeding,Two-Wheeler,Vulnerable Road User (VRU),Rain,Wet / Slippery,Streetlights Operational,Medium,1,2,0
ACC-10288,Telangana,Rangareddy,Hyderabad,Hyderabad ORR (Gachibowli-Airport),Exit 17 Rajendranagar to Shamshabad km 30-36,17.30721,78.40654,2021,10,19,21,Expressway,Drunk Driving,Car,Motorized Passenger,Clear,Under Construction,Streetlights Operational,Low,1,2,1
ACC-10289,Telangana,Rangareddy,Hyderabad,Hyderabad ORR (Gachibowli-Airport),Exit 17 Rajendranagar to Shamshabad km 30-36,17.30898,78.41617,2021,7,12,22,Expressway,Drunk Driving,Heavy Truck,Commercial Goods,Rain,Damaged / Potholes,Streetlights Operational,Medium,1,2,2
ACC-10290,Telangana,Rangareddy,Hyderabad,Hyderabad ORR (Gachibowli-Airport),Exit 17 Rajendranagar to Shamshabad km 30-36,17.29971,78.41909,2024,6,2,19,Expressway,Drunk Driving,Car,Motorized Passenger,Rain,Wet / Slippery,Unlit / Pitch Black,Medium,1,0,2
ACC-10291,Telangana,Rangareddy,Hyderabad,Hyderabad ORR (Gachibowli-Airport),Exit 17 Rajendranagar to Shamshabad km 30-36,17.30177,78.41042,2021,1,21,23,Expressway,Tire Burst / Mechanical,Heavy Truck,Commercial Goods,Fog/Mist,Under Construction,Unlit / Pitch Black,Congested,1,1,2
ACC-10292,Uttar Pradesh,Kanpur Nagar,Kanpur,GT Road NH-19 Kanpur-Prayagraj,Chakeri Industrial Extension to Maharajpur,26.44448,80.32619,2022,9,13,9,National Highway,Overspeeding,Bicycle,Vulnerable Road User (VRU),Clear,Dry / Smooth,Daylight,Congested,1,1,2
ACC-10293,Uttar Pradesh,Kanpur Nagar,Kanpur,GT Road NH-19 Kanpur-Prayagraj,Chakeri Industrial Extension to Maharajpur,26.44447,80.32578,2023,10,23,13,National Highway,Wrong-side Driving,Bicycle,Vulnerable Road User (VRU),Rain,Wet / Slippery,Daylight,High,1,0,1
ACC-10294,Uttar Pradesh,Kanpur Nagar,Kanpur,GT Road NH-19 Kanpur-Prayagraj,Chakeri Industrial Extension to Maharajpur,26.44759,80.33871,2024,1,8,21,National Highway,Wrong-side Driving,Pedestrian,Vulnerable Road User (VRU),Clear,Dry / Smooth,Streetlights Operational,High,1,2,1
ACC-10295,Uttar Pradesh,Kanpur Nagar,Kanpur,GT Road NH-19 Kanpur-Prayagraj,Chakeri Industrial Extension to Maharajpur,26.45439,80.33281,2021,12,24,7,National Highway,Potholes / Road Surface Defect,Pedestrian,Vulnerable Road User (VRU),Rain,Damaged / Potholes,Daylight,Congested,1,0,0
ACC-10296,Uttar Pradesh,Kanpur Nagar,Kanpur,GT Road NH-19 Kanpur-Prayagraj,Chakeri Industrial Extension to Maharajpur,26.45565,80.33415,2022,10,22,2,National Highway,Poor Lighting,Bicycle,Vulnerable Road User (VRU),Rain,Damaged / Potholes,Unlit / Pitch Black,Congested,1,1,1
ACC-10297,Uttar Pradesh,Kanpur Nagar,Kanpur,GT Road NH-19 Kanpur-Prayagraj,Chakeri Industrial Extension to Maharajpur,26.44958,80.32687,2022,10,4,21,National Highway,Potholes / Road Surface Defect,Two-Wheeler,Vulnerable Road User (VRU),Clear,Damaged / Potholes,Unlit / Pitch Black,Congested,1,1,0
ACC-10298,Uttar Pradesh,Kanpur Nagar,Kanpur,GT Road NH-19 Kanpur-Prayagraj,Chakeri Industrial Extension to Maharajpur,26.44412,80.33455,2024,7,12,23,National Highway,Potholes / Road Surface Defect,Bicycle,Vulnerable Road User (VRU),Clear,Damaged / Potholes,Poor / Intermittent,High,1,2,1
ACC-10299,Uttar Pradesh,Kanpur Nagar,Kanpur,GT Road NH-19 Kanpur-Prayagraj,Chakeri Industrial Extension to Maharajpur,26.44516,80.33688,2021,10,17,0,National Highway,Overspeeding,Pedestrian,Vulnerable Road User (VRU),Rain,Wet / Slippery,Streetlights Operational,Congested,1,1,2
ACC-10300,Uttar Pradesh,Kanpur Nagar,Kanpur,GT Road NH-19 Kanpur-Prayagraj,Chakeri Industrial Extension to Maharajpur,26.45239,80.33497,2024,10,12,22,National Highway,Overspeeding,Pedestrian,Vulnerable Road User (VRU),Clear,Damaged / Potholes,Poor / Intermittent,Congested,1,1,1
ACC-10301,Uttar Pradesh,Kanpur Nagar,Kanpur,GT Road NH-19 Kanpur-Prayagraj,Chakeri Industrial Extension to Maharajpur,26.44256,80.32553,2021,12,8,23,National Highway,Wrong-side Driving,Two-Wheeler,Vulnerable Road User (VRU),Rain,Wet / Slippery,Poor / Intermittent,High,1,3,0
ACC-10302,Uttar Pradesh,Kanpur Nagar,Kanpur,GT Road NH-19 Kanpur-Prayagraj,Chakeri Industrial Extension to Maharajpur,26.45249,80.33276,2024,2,3,9,National Highway,Potholes / Road Surface Defect,Two-Wheeler,Vulnerable Road User (VRU),Rain,Damaged / Potholes,Daylight,Congested,1,0,1
ACC-10303,Uttar Pradesh,Kanpur Nagar,Kanpur,GT Road NH-19 Kanpur-Prayagraj,Chakeri Industrial Extension to Maharajpur,26.45158,80.33881,2022,11,16,7,National Highway,Poor Lighting,Pedestrian,Vulnerable Road User (VRU),Clear,Dry / Smooth,Daylight,Medium,1,0,1
ACC-10304,Uttar Pradesh,Kanpur Nagar,Kanpur,GT Road NH-19 Kanpur-Prayagraj,Chakeri Industrial Extension to Maharajpur,26.45043,80.32876,2021,5,25,22,National Highway,Overspeeding,Bicycle,Vulnerable Road User (VRU),Clear,Dry / Smooth,Streetlights Operational,High,1,1,1
ACC-10305,Uttar Pradesh,Kanpur Nagar,Kanpur,GT Road NH-19 Kanpur-Prayagraj,Chakeri Industrial Extension to Maharajpur,26.44581,80.33835,2023,4,20,10,National Highway,Overspeeding,Two-Wheeler,Vulnerable Road User (VRU),Rain,Wet / Slippery,Daylight,Medium,1,1,0
ACC-10306,Uttar Pradesh,Kanpur Nagar,Kanpur,GT Road NH-19 Kanpur-Prayagraj,Chakeri Industrial Extension to Maharajpur,26.45489,80.33091,2023,9,27,7,National Highway,Overspeeding,Bicycle,Vulnerable Road User (VRU),Clear,Damaged / Potholes,Daylight,Congested,1,0,2
ACC-10307,Uttar Pradesh,Kanpur Nagar,Kanpur,GT Road NH-19 Kanpur-Prayagraj,Chakeri Industrial Extension to Maharajpur,26.4457,80.32958,2023,2,13,7,National Highway,Wrong-side Driving,Heavy Truck,Commercial Goods,Clear,Under Construction,Daylight,High,1,0,1
ACC-10308,Uttar Pradesh,Kanpur Nagar,Kanpur,GT Road NH-19 Kanpur-Prayagraj,Chakeri Industrial Extension to Maharajpur,26.45566,80.33118,2023,2,18,10,National Highway,Poor Lighting,Heavy Truck,Commercial Goods,Clear,Damaged / Potholes,Daylight,Medium,1,0,2
ACC-10309,Uttar Pradesh,Kanpur Nagar,Kanpur,GT Road NH-19 Kanpur-Prayagraj,Chakeri Industrial Extension to Maharajpur,26.45191,80.33381,2022,4,24,8,National Highway,Wrong-side Driving,Pedestrian,Vulnerable Road User (VRU),Clear,Damaged / Potholes,Daylight,Low,1,1,3
ACC-10310,Uttar Pradesh,Kanpur Nagar,Kanpur,GT Road NH-19 Kanpur-Prayagraj,Chakeri Industrial Extension to Maharajpur,26.44747,80.3352,2021,9,2,8,National Highway,Poor Lighting,Bicycle,Vulnerable Road User (VRU),Rain,Wet / Slippery,Daylight,Congested,1,1,1
ACC-10311,Uttar Pradesh,Kanpur Nagar,Kanpur,GT Road NH-19 Kanpur-Prayagraj,Chakeri Industrial Extension to Maharajpur,26.44939,80.32825,2022,1,17,10,National Highway,Potholes / Road Surface Defect,Heavy Truck,Commercial Goods,Rain,Damaged / Potholes,Daylight,Medium,1,0,0
ACC-10312,Uttar Pradesh,Kanpur Nagar,Kanpur,GT Road NH-19 Kanpur-Prayagraj,Chakeri Industrial Extension to Maharajpur,26.44695,80.33118,2021,1,22,21,National Highway,Potholes / Road Surface Defect,Heavy Truck,Commercial Goods,Clear,Damaged / Potholes,Poor / Intermittent,Low,1,1,2
ACC-10313,Uttar Pradesh,Kanpur Nagar,Kanpur,GT Road NH-19 Kanpur-Prayagraj,Chakeri Industrial Extension to Maharajpur,26.45413,80.33473,2022,7,23,8,National Highway,Overspeeding,Heavy Truck,Commercial Goods,Rain,Wet / Slippery,Daylight,Medium,1,0,2
ACC-10314,Uttar Pradesh,Kanpur Nagar,Kanpur,GT Road NH-19 Kanpur-Prayagraj,Chakeri Industrial Extension to Maharajpur,26.45469,80.33147,2022,9,14,6,National Highway,Wrong-side Driving,Pedestrian,Vulnerable Road User (VRU),Rain,Wet / Slippery,Daylight,High,1,1,3
ACC-10315,Uttar Pradesh,Kanpur Nagar,Kanpur,GT Road NH-19 Kanpur-Prayagraj,Chakeri Industrial Extension to Maharajpur,26.45118,80.3304,2023,8,10,21,National Highway,Potholes / Road Surface Defect,Bicycle,Vulnerable Road User (VRU),Clear,Damaged / Potholes,Unlit / Pitch Black,Medium,1,0,1
ACC-10316,Uttar Pradesh,Kanpur Nagar,Kanpur,GT Road NH-19 Kanpur-Prayagraj,Chakeri Industrial Extension to Maharajpur,26.44428,80.33241,2023,5,12,20,National Highway,Poor Lighting,Heavy Truck,Commercial Goods,Clear,Under Construction,Unlit / Pitch Black,Low,1,0,3
ACC-10317,Uttar Pradesh,Kanpur Nagar,Kanpur,GT Road NH-19 Kanpur-Prayagraj,Chakeri Industrial Extension to Maharajpur,26.44378,80.33612,2022,5,12,20,National Highway,Overspeeding,Bicycle,Vulnerable Road User (VRU),Clear,Under Construction,Streetlights Operational,Congested,1,0,0
ACC-10318,Uttar Pradesh,Kanpur Nagar,Kanpur,GT Road NH-19 Kanpur-Prayagraj,Chakeri Industrial Extension to Maharajpur,26.45079,80.32953,2023,7,21,18,National Highway,Potholes / Road Surface Defect,Two-Wheeler,Vulnerable Road User (VRU),Clear,Damaged / Potholes,Unlit / Pitch Black,Low,1,0,2
ACC-10319,Uttar Pradesh,Kanpur Nagar,Kanpur,GT Road NH-19 Kanpur-Prayagraj,Chakeri Industrial Extension to Maharajpur,26.45231,80.32448,2024,6,24,19,National Highway,Overspeeding,Pedestrian,Vulnerable Road User (VRU),Rain,Wet / Slippery,Unlit / Pitch Black,Medium,1,0,3
ACC-10320,Uttar Pradesh,Kanpur Nagar,Kanpur,GT Road NH-19 Kanpur-Prayagraj,Chakeri Industrial Extension to Maharajpur,26.45527,80.32815,2022,7,4,19,National Highway,Potholes / Road Surface Defect,Two-Wheeler,Vulnerable Road User (VRU),Clear,Damaged / Potholes,Streetlights Operational,High,1,1,2
ACC-10321,Uttar Pradesh,Kanpur Nagar,Kanpur,GT Road NH-19 Kanpur-Prayagraj,Chakeri Industrial Extension to Maharajpur,26.45606,80.33198,2022,12,10,2,National Highway,Wrong-side Driving,Pedestrian,Vulnerable Road User (VRU),Rain,Wet / Slippery,Poor / Intermittent,Congested,1,0,2
ACC-10322,Uttar Pradesh,Kanpur Nagar,Kanpur,GT Road NH-19 Kanpur-Prayagraj,Chakeri Industrial Extension to Maharajpur,26.44603,80.3298,2022,12,18,21,National Highway,Overspeeding,Bicycle,Vulnerable Road User (VRU),Rain,Wet / Slippery,Streetlights Operational,Low,1,1,0
ACC-10323,Uttar Pradesh,Kanpur Nagar,Kanpur,GT Road NH-19 Kanpur-Prayagraj,Chakeri Industrial Extension to Maharajpur,26.45065,80.33595,2022,5,1,2,National Highway,Poor Lighting,Heavy Truck,Commercial Goods,Rain,Dry / Smooth,Poor / Intermittent,Congested,1,1,2
ACC-10324,Uttar Pradesh,Kanpur Nagar,Kanpur,GT Road NH-19 Kanpur-Prayagraj,Chakeri Industrial Extension to Maharajpur,26.44937,80.336,2023,4,14,9,National Highway,Overspeeding,Pedestrian,Vulnerable Road User (VRU),Rain,Damaged / Potholes,Daylight,Congested,1,1,2
ACC-10325,Uttar Pradesh,Kanpur Nagar,Kanpur,GT Road NH-19 Kanpur-Prayagraj,Chakeri Industrial Extension to Maharajpur,26.44834,80.33441,2023,5,21,15,National Highway,Poor Lighting,Bicycle,Vulnerable Road User (VRU),Clear,Damaged / Potholes,Daylight,Medium,1,1,1
ACC-10326,Uttar Pradesh,Kanpur Nagar,Kanpur,GT Road NH-19 Kanpur-Prayagraj,Chakeri Industrial Extension to Maharajpur,26.44254,80.32344,2024,4,11,0,National Highway,Potholes / Road Surface Defect,Pedestrian,Vulnerable Road User (VRU),Clear,Damaged / Potholes,Streetlights Operational,Low,1,1,0
ACC-10327,Uttar Pradesh,Kanpur Nagar,Kanpur,GT Road NH-19 Kanpur-Prayagraj,Chakeri Industrial Extension to Maharajpur,26.44862,80.32628,2022,6,14,19,National Highway,Poor Lighting,Bicycle,Vulnerable Road User (VRU),Rain,Wet / Slippery,Unlit / Pitch Black,Medium,1,1,0
ACC-10328,Uttar Pradesh,Kanpur Nagar,Kanpur,GT Road NH-19 Kanpur-Prayagraj,Chakeri Industrial Extension to Maharajpur,26.45176,80.32654,2023,7,27,23,National Highway,Wrong-side Driving,Bicycle,Vulnerable Road User (VRU),Rain,Wet / Slippery,Streetlights Operational,High,1,1,0
ACC-10329,Uttar Pradesh,Kanpur Nagar,Kanpur,GT Road NH-19 Kanpur-Prayagraj,Chakeri Industrial Extension to Maharajpur,26.45177,80.33877,2024,11,10,5,National Highway,Potholes / Road Surface Defect,Two-Wheeler,Vulnerable Road User (VRU),Fog/Mist,Damaged / Potholes,Poor / Intermittent,Medium,1,0,0
ACC-10330,Uttar Pradesh,Kanpur Nagar,Kanpur,GT Road NH-19 Kanpur-Prayagraj,Chakeri Industrial Extension to Maharajpur,26.45215,80.33421,2022,11,14,2,National Highway,Poor Lighting,Two-Wheeler,Vulnerable Road User (VRU),Fog/Mist,Damaged / Potholes,Poor / Intermittent,High,1,0,1
ACC-10331,Uttar Pradesh,Kanpur Nagar,Kanpur,GT Road NH-19 Kanpur-Prayagraj,Chakeri Industrial Extension to Maharajpur,26.45376,80.32521,2022,6,25,2,National Highway,Overspeeding,Two-Wheeler,Vulnerable Road User (VRU),Rain,Wet / Slippery,Streetlights Operational,High,1,1,2
ACC-10332,Uttar Pradesh,Kanpur Nagar,Kanpur,GT Road NH-19 Kanpur-Prayagraj,Chakeri Industrial Extension to Maharajpur,26.44173,80.33451,2022,6,18,15,National Highway,Poor Lighting,Bicycle,Vulnerable Road User (VRU),Rain,Dry / Smooth,Daylight,Low,1,0,1
ACC-10333,Uttar Pradesh,Kanpur Nagar,Kanpur,GT Road NH-19 Kanpur-Prayagraj,Chakeri Industrial Extension to Maharajpur,26.44531,80.32907,2023,9,23,21,National Highway,Wrong-side Driving,Heavy Truck,Commercial Goods,Rain,Wet / Slippery,Poor / Intermittent,Medium,1,1,1
ACC-10334,Uttar Pradesh,Kanpur Nagar,Kanpur,GT Road NH-19 Kanpur-Prayagraj,Chakeri Industrial Extension to Maharajpur,26.4542,80.32624,2021,11,17,2,National Highway,Potholes / Road Surface Defect,Heavy Truck,Commercial Goods,Fog/Mist,Damaged / Potholes,Streetlights Operational,Medium,1,1,3
ACC-10335,Uttar Pradesh,Kanpur Nagar,Kanpur,GT Road NH-19 Kanpur-Prayagraj,Chakeri Industrial Extension to Maharajpur,26.4416,80.32491,2024,9,5,9,National Highway,Overspeeding,Heavy Truck,Commercial Goods,Rain,Wet / Slippery,Daylight,High,1,2,0
ACC-10336,Uttar Pradesh,Kanpur Nagar,Kanpur,GT Road NH-19 Kanpur-Prayagraj,Chakeri Industrial Extension to Maharajpur,26.45441,80.33069,2022,2,2,18,National Highway,Overspeeding,Heavy Truck,Commercial Goods,Clear,Dry / Smooth,Unlit / Pitch Black,Medium,1,0,3
ACC-10337,Uttar Pradesh,Kanpur Nagar,Kanpur,GT Road NH-19 Kanpur-Prayagraj,Chakeri Industrial Extension to Maharajpur,26.44235,80.32665,2021,6,18,17,National Highway,Overspeeding,Heavy Truck,Commercial Goods,Clear,Dry / Smooth,Daylight,High,1,0,2
ACC-10338,Uttar Pradesh,Kanpur Nagar,Kanpur,GT Road NH-19 Kanpur-Prayagraj,Chakeri Industrial Extension to Maharajpur,26.45033,80.33399,2021,2,24,18,National Highway,Wrong-side Driving,Pedestrian,Vulnerable Road User (VRU),Clear,Damaged / Potholes,Streetlights Operational,Congested,1,0,2
ACC-10339,Uttar Pradesh,Kanpur Nagar,Kanpur,GT Road NH-19 Kanpur-Prayagraj,Chakeri Industrial Extension to Maharajpur,26.45705,80.33672,2024,2,6,11,National Highway,Overspeeding,Heavy Truck,Commercial Goods,Rain,Damaged / Potholes,Daylight,Low,1,0,1
ACC-10340,Uttar Pradesh,Kanpur Nagar,Kanpur,GT Road NH-19 Kanpur-Prayagraj,Chakeri Industrial Extension to Maharajpur,26.44745,80.33482,2024,11,14,8,National Highway,Wrong-side Driving,Pedestrian,Vulnerable Road User (VRU),Clear,Under Construction,Daylight,Low,1,0,1
ACC-10341,Uttar Pradesh,Kanpur Nagar,Kanpur,GT Road NH-19 Kanpur-Prayagraj,Chakeri Industrial Extension to Maharajpur,26.45425,80.33424,2023,10,1,8,National Highway,Potholes / Road Surface Defect,Heavy Truck,Commercial Goods,Clear,Damaged / Potholes,Daylight,Medium,1,0,0
ACC-10342,Uttar Pradesh,Kanpur Nagar,Kanpur,GT Road NH-19 Kanpur-Prayagraj,Chakeri Industrial Extension to Maharajpur,26.45408,80.32467,2023,9,17,21,National Highway,Wrong-side Driving,Two-Wheeler,Vulnerable Road User (VRU),Rain,Wet / Slippery,Poor / Intermittent,Low,1,1,1
ACC-10343,Uttar Pradesh,Kanpur Nagar,Kanpur,GT Road NH-19 Kanpur-Prayagraj,Chakeri Industrial Extension to Maharajpur,26.45279,80.33242,2024,10,7,14,National Highway,Poor Lighting,Bicycle,Vulnerable Road User (VRU),Rain,Damaged / Potholes,Daylight,High,1,0,1
ACC-10344,Uttar Pradesh,Kanpur Nagar,Kanpur,GT Road NH-19 Kanpur-Prayagraj,Chakeri Industrial Extension to Maharajpur,26.45014,80.32843,2021,1,25,18,National Highway,Overspeeding,Two-Wheeler,Vulnerable Road User (VRU),Clear,Damaged / Potholes,Streetlights Operational,Congested,1,1,1
ACC-10345,Uttar Pradesh,Kanpur Nagar,Kanpur,GT Road NH-19 Kanpur-Prayagraj,Chakeri Industrial Extension to Maharajpur,26.44648,80.33081,2022,3,2,9,National Highway,Overspeeding,Two-Wheeler,Vulnerable Road User (VRU),Rain,Damaged / Potholes,Daylight,Low,1,0,0