id,state,district,city,road_name,road_segment,latitude,longitude,year,month,day,hour,road_category,cause,vehicle_type,road_user_type,weather,road_condition,lighting_condition,traffic_level,accidents,fatalities,injuries
ACC-10433,Gujarat,Vadodara,Vadodara,Ahmedabad-Vadodara Expressway NE-1,Anand Toll Plaza Interchange km 54-60,22.56827,72.93601,2024,8,25,19,Expressway,Tire Burst / Mechanical,Car,Motorized Passenger,Rain,Wet / Slippery,Poor / Intermittent,Congested,1,0,3
ACC-10434,Gujarat,Vadodara,Vadodara,Ahmedabad-Vadodara Expressway NE-1,Anand Toll Plaza Interchange km 54-60,22.56113,72.92653,2022,10,24,10,Expressway,Tire Burst / Mechanical,Bus,Motorized Passenger,Rain,Dry / Smooth,Daylight,High,1,0,1
ACC-10435,Gujarat,Vadodara,Vadodara,Ahmedabad-Vadodara Expressway NE-1,Anand Toll Plaza Interchange km 54-60,22.56694,72.9215,2022,8,12,0,Expressway,Driver Drowsiness,Bus,Motorized Passenger,Rain,Wet / Slippery,Streetlights Operational,Medium,1,1,1
ACC-10436,Gujarat,Vadodara,Vadodara,Ahmedabad-Vadodara Expressway NE-1,Anand Toll Plaza Interchange km 54-60,22.57184,72.93409,2024,4,16,21,Expressway,Overspeeding,Bus,Motorized Passenger,Clear,Under Construction,Unlit / Pitch Black,Congested,1,1,1
ACC-10437,Gujarat,Vadodara,Vadodara,Ahmedabad-Vadodara Expressway NE-1,Anand Toll Plaza Interchange km 54-60,22.56298,72.93444,2021,4,24,14,Expressway,Poor Lighting,Heavy Truck,Commercial Goods,Rain,Wet / Slippery,Daylight,Medium,1,0,4
ACC-10438,Gujarat,Vadodara,Vadodara,Ahmedabad-Vadodara Expressway NE-1,Anand Toll Plaza Interchange km 54-60,22.56221,72.92021,2022,10,20,7,Expressway,Tire Burst / Mechanical,Heavy Truck,Commercial Goods,Rain,Wet / Slippery,Daylight,High,1,0,1
ACC-10439,Gujarat,Vadodara,Vadodara,Ahmedabad-Vadodara Expressway NE-1,Anand Toll Plaza Interchange km 54-60,22.56106,72.92905,2023,7,6,23,Expressway,Driver Drowsiness,Car,Motorized Passenger,Rain,Wet / Slippery,Poor / Intermittent,Congested,1,2,2
ACC-10440,Gujarat,Vadodara,Vadodara,Ahmedabad-Vadodara Expressway NE-1,Anand Toll Plaza Interchange km 54-60,22.56721,72.92402,2024,4,1,5,Expressway,Tire Burst / Mechanical,Heavy Truck,Commercial Goods,Clear,Under Construction,Streetlights Operational,Low,1,0,1
ACC-10441,Gujarat,Vadodara,Vadodara,Ahmedabad-Vadodara Expressway NE-1,Anand Toll Plaza Interchange km 54-60,22.56217,72.93183,2021,5,16,4,Expressway,Tire Burst / Mechanical,Bus,Motorized Passenger,Clear,Under Construction,Streetlights Operational,Congested,1,0,2
ACC-10442,Gujarat,Vadodara,Vadodara,Ahmedabad-Vadodara Expressway NE-1,Anand Toll Plaza Interchange km 54-60,22.57148,72.92088,2021,5,6,2,Expressway,Tire Burst / Mechanical,Heavy Truck,Commercial Goods,Clear,Damaged / Potholes,Streetlights Operational,Medium,1,1,2
ACC-10443,Gujarat,Vadodara,Vadodara,Ahmedabad-Vadodara Expressway NE-1,Anand Toll Plaza Interchange km 54-60,22.56136,72.92516,2023,9,21,11,Expressway,Driver Drowsiness,Bus,Motorized Passenger,Rain,Wet / Slippery,Daylight,High,1,0,0
ACC-10444,Gujarat,Vadodara,Vadodara,Ahmedabad-Vadodara Expressway NE-1,Anand Toll Plaza Interchange km 54-60,22.56396,72.92555,2023,5,22,8,Expressway,Overspeeding,Bus,Motorized Passenger,Rain,Wet / Slippery,Daylight,Medium,1,1,1
ACC-10445,Gujarat,Vadodara,Vadodara,Ahmedabad-Vadodara Expressway NE-1,Anand Toll Plaza Interchange km 54-60,22.5583,72.92038,2022,2,7,7,Expressway,Driver Drowsiness,Bus,Motorized Passenger,Rain,Dry / Smooth,Daylight,Congested,1,0,0
ACC-10446,Gujarat,Vadodara,Vadodara,Ahmedabad-Vadodara Expressway NE-1,Anand Toll Plaza Interchange km 54-60,22.56721,72.92502,2023,5,23,19,Expressway,Tire Burst / Mechanical,Car,Motorized Passenger,Clear,Dry / Smooth,Streetlights Operational,Medium,1,0,2
ACC-10447,Gujarat,Vadodara,Vadodara,Ahmedabad-Vadodara Expressway NE-1,Anand Toll Plaza Interchange km 54-60,22.55715,72.922,2022,3,3,1,Expressway,Overspeeding,Car,Motorized Passenger,Clear,Under Construction,Streetlights Operational,Medium,1,1,1
ACC-10448,Gujarat,Vadodara,Vadodara,Ahmedabad-Vadodara Expressway NE-1,Anand Toll Plaza Interchange km 54-60,22.56973,72.93517,2023,1,3,0,Expressway,Overspeeding,Car,Motorized Passenger,Fog/Mist,Damaged / Potholes,Streetlights Operational,Medium,1,1,0
ACC-10449,Gujarat,Vadodara,Vadodara,Ahmedabad-Vadodara Expressway NE-1,Anand Toll Plaza Interchange km 54-60,22.55895,72.93216,2023,6,6,15,Expressway,Driver Drowsiness,Bus,Motorized Passenger,Clear,Dry / Smooth,Daylight,Medium,1,0,3
ACC-10450,Gujarat,Vadodara,Vadodara,Ahmedabad-Vadodara Expressway NE-1,Anand Toll Plaza Interchange km 54-60,22.56227,72.92353,2021,12,4,17,Expressway,Poor Lighting,Heavy Truck,Commercial Goods,Rain,Damaged / Potholes,Daylight,High,1,0,1
ACC-10451,Gujarat,Vadodara,Vadodara,Ahmedabad-Vadodara Expressway NE-1,Anand Toll Plaza Interchange km 54-60,22.56081,72.93165,2022,7,4,8,Expressway,Overspeeding,Heavy Truck,Commercial Goods,Rain,Wet / Slippery,Daylight,Medium,1,0,1
ACC-10452,Gujarat,Vadodara,Vadodara,Ahmedabad-Vadodara Expressway NE-1,Anand Toll Plaza Interchange km 54-60,22.55922,72.92121,2021,6,16,8,Expressway,Poor Lighting,Bus,Motorized Passenger,Clear,Under Construction,Daylight,Congested,1,0,2
ACC-10453,Gujarat,Vadodara,Vadodara,Ahmedabad-Vadodara Expressway NE-1,Anand Toll Plaza Interchange km 54-60,22.55811,72.92642,2024,11,12,22,Expressway,Poor Lighting,Bus,Motorized Passenger,Fog/Mist,Under Construction,Unlit / Pitch Black,Congested,1,0,2
ACC-10454,Gujarat,Vadodara,Vadodara,Ahmedabad-Vadodara Expressway NE-1,Anand Toll Plaza Interchange km 54-60,22.56066,72.93152,2021,12,6,7,Expressway,Tire Burst / Mechanical,Car,Motorized Passenger,Clear,Under Construction,Daylight,Medium,1,0,2
ACC-10455,Gujarat,Vadodara,Vadodara,Ahmedabad-Vadodara Expressway NE-1,Anand Toll Plaza Interchange km 54-60,22.56625,72.92225,2023,11,13,22,Expressway,Poor Lighting,Heavy Truck,Commercial Goods,Fog/Mist,Damaged / Potholes,Poor / Intermittent,Congested,1,1,1
ACC-10456,Gujarat,Vadodara,Vadodara,Ahmedabad-Vadodara Expressway NE-1,Anand Toll Plaza Interchange km 54-60,22.56836,72.93068,2021,12,2,10,Expressway,Overspeeding,Car,Motorized Passenger,Clear,Under Construction,Daylight,Medium,1,0,1
ACC-10457,Gujarat,Vadodara,Vadodara,Ahmedabad-Vadodara Expressway NE-1,Anand Toll Plaza Interchange km 54-60,22.5634,72.93375,2024,8,7,19,Expressway,Poor Lighting,Bus,Motorized Passenger,Clear,Dry / Smooth,Poor / Intermittent,Congested,1,0,0
ACC-10458,Gujarat,Vadodara,Vadodara,Ahmedabad-Vadodara Expressway NE-1,Anand Toll Plaza Interchange km 54-60,22.567,72.93066,2024,8,2,20,Expressway,Tire Burst / Mechanical,Bus,Motorized Passenger,Rain,Wet / Slippery,Poor / Intermittent,Congested,1,0,0
ACC-10459,Gujarat,Vadodara,Vadodara,Ahmedabad-Vadodara Expressway NE-1,Anand Toll Plaza Interchange km 54-60,22.57184,72.92523,2024,8,18,11,Expressway,Overspeeding,Heavy Truck,Commercial Goods,Rain,Wet / Slippery,Daylight,Congested,1,0,1
ACC-10460,Gujarat,Vadodara,Vadodara,Ahmedabad-Vadodara Expressway NE-1,Anand Toll Plaza Interchange km 54-60,22.56192,72.92572,2021,10,2,9,Expressway,Tire Burst / Mechanical,Bus,Motorized Passenger,Clear,Dry / Smooth,Daylight,Congested,1,0,1
ACC-10461,Gujarat,Vadodara,Vadodara,Ahmedabad-Vadodara Expressway NE-1,Anand Toll Plaza Interchange km 54-60,22.57001,72.92919,2022,4,8,21,Expressway,Overspeeding,Bus,Motorized Passenger,Clear,Dry / Smooth,Poor / Intermittent,Medium,1,1,1
ACC-10462,Gujarat,Vadodara,Vadodara,Ahmedabad-Vadodara Expressway NE-1,Anand Toll Plaza Interchange km 54-60,22.5578,72.9309,2024,5,1,12,Expressway,Overspeeding,Heavy Truck,Commercial Goods,Rain,Under Construction,Daylight,Low,1,0,2
ACC-10463,Kerala,Ernakulam,Kochi,Kochi Bypass NH-66,Edapally Toll Junction to Palarivattom,9.97989,76.31141,2023,8,17,13,Urban Arterial,Dangerous Junction Geometry,Car,Motorized Passenger,Rain,Wet / Slippery,Daylight,Congested,1,0,1
ACC-10464,Kerala,Ernakulam,Kochi,Kochi Bypass NH-66,Edapally Toll Junction to Palarivattom,9.97113,76.31576,2022,5,9,21,Urban Arterial,Overspeeding,Car,Motorized Passenger,Clear,Dry / Smooth,Streetlights Operational,Low,1,1,1
ACC-10465,Kerala,Ernakulam,Kochi,Kochi Bypass NH-66,Edapally Toll Junction to Palarivattom,9.97306,76.32429,2021,11,27,8,Urban Arterial,Overspeeding,Auto-Rickshaw,Vulnerable Road User (VRU),Rain,Damaged / Potholes,Daylight,Congested,1,1,2
ACC-10466,Kerala,Ernakulam,Kochi,Kochi Bypass NH-66,Edapally Toll Junction to Palarivattom,9.97526,76.315,2022,10,16,23,Urban Arterial,Overspeeding,Auto-Rickshaw,Vulnerable Road User (VRU),Clear,Under Construction,Streetlights Operational,Medium,1,1,0
ACC-10467,Kerala,Ernakulam,Kochi,Kochi Bypass NH-66,Edapally Toll Junction to Palarivattom,9.97392,76.31669,2024,7,11,17,Urban Arterial,Adverse Weather / Fog,Car,Motorized Passenger,Rain,Wet / Slippery,Daylight,Low,1,0,1
ACC-10468,Kerala,Ernakulam,Kochi,Kochi Bypass NH-66,Edapally Toll Junction to Palarivattom,9.97693,76.31464,2021,3,7,8,Urban Arterial,Overspeeding,Pedestrian,Vulnerable Road User (VRU),Rain,Under Construction,Daylight,High,1,1,0
ACC-10469,Kerala,Ernakulam,Kochi,Kochi Bypass NH-66,Edapally Toll Junction to Palarivattom,9.97081,76.31601,2022,11,28,23,Urban Arterial,Overspeeding,Two-Wheeler,Vulnerable Road User (VRU),Rain,Wet / Slippery,Unlit / Pitch Black,Low,1,0,3
ACC-10470,Kerala,Ernakulam,Kochi,Kochi Bypass NH-66,Edapally Toll Junction to Palarivattom,9.9739,76.32257,2021,7,27,5,Urban Arterial,Potholes / Road Surface Defect,Two-Wheeler,Vulnerable Road User (VRU),Clear,Damaged / Potholes,Streetlights Operational,Low,1,0,0
ACC-10471,Kerala,Ernakulam,Kochi,Kochi Bypass NH-66,Edapally Toll Junction to Palarivattom,9.96837,76.31963,2023,6,27,18,Urban Arterial,Potholes / Road Surface Defect,Pedestrian,Vulnerable Road User (VRU),Clear,Damaged / Potholes,Unlit / Pitch Black,Medium,1,0,1
ACC-10472,Kerala,Ernakulam,Kochi,Kochi Bypass NH-66,Edapally Toll Junction to Palarivattom,9.97011,76.32165,2024,9,12,4,Urban Arterial,Dangerous Junction Geometry,Pedestrian,Vulnerable Road User (VRU),Rain,Wet / Slippery,Streetlights Operational,Low,1,0,3
ACC-10473,Kerala,Ernakulam,Kochi,Kochi Bypass NH-66,Edapally Toll Junction to Palarivattom,9.97011,76.3232,2023,1,21,12,Urban Arterial,Adverse Weather / Fog,Two-Wheeler,Vulnerable Road User (VRU),Clear,Damaged / Potholes,Daylight,Congested,1,0,3
ACC-10474,Kerala,Ernakulam,Kochi,Kochi Bypass NH-66,Edapally Toll Junction to Palarivattom,9.96906,76.32395,2021,9,28,19,Urban Arterial,Overspeeding,Two-Wheeler,Vulnerable Road User (VRU),Rain,Wet / Slippery,Streetlights Operational,Low,1,2,2
ACC-10475,Kerala,Ernakulam,Kochi,Kochi Bypass NH-66,Edapally Toll Junction to Palarivattom,9.97106,76.3249,2022,8,21,22,Urban Arterial,Overspeeding,Two-Wheeler,Vulnerable Road User (VRU),Rain,Under Construction,Unlit / Pitch Black,Congested,1,0,1
ACC-10476,Kerala,Ernakulam,Kochi,Kochi Bypass NH-66,Edapally Toll Junction to Palarivattom,9.97456,76.31314,2021,3,23,1,Urban Arterial,Dangerous Junction Geometry,Pedestrian,Vulnerable Road User (VRU),Rain,Wet / Slippery,Streetlights Operational,Congested,1,0,2
ACC-10477,Kerala,Ernakulam,Kochi,Kochi Bypass NH-66,Edapally Toll Junction to Palarivattom,9.97658,76.32059,2024,11,5,7,Urban Arterial,Dangerous Junction Geometry,Auto-Rickshaw,Vulnerable Road User (VRU),Clear,Dry / Smooth,Daylight,Medium,1,0,2
ACC-10478,Kerala,Ernakulam,Kochi,Kochi Bypass NH-66,Edapally Toll Junction to Palarivattom,9.97709,76.31338,2022,10,22,9,Urban Arterial,Overspeeding,Pedestrian,Vulnerable Road User (VRU),Clear,Damaged / Potholes,Daylight,Medium,1,0,2
ACC-10479,Kerala,Ernakulam,Kochi,Kochi Bypass NH-66,Edapally Toll Junction to Palarivattom,9.97552,76.3129,2024,6,6,18,Urban Arterial,Potholes / Road Surface Defect,Two-Wheeler,Vulnerable Road User (VRU),Clear,Damaged / Potholes,Streetlights Operational,High,1,0,0
ACC-10480,Kerala,Ernakulam,Kochi,Kochi Bypass NH-66,Edapally Toll Junction to Palarivattom,9.96789,76.31345,2024,10,14,2,Urban Arterial,Adverse Weather / Fog,Auto-Rickshaw,Vulnerable Road User (VRU),Rain,Dry / Smooth,Unlit / Pitch Black,Congested,1,0,1
ACC-10481,Kerala,Ernakulam,Kochi,Kochi Bypass NH-66,Edapally Toll Junction to Palarivattom,9.96664,76.31484,2023,5,24,2,Urban Arterial,Overspeeding,Car,Motorized Passenger,Rain,Wet / Slippery,Streetlights Operational,Medium,1,0,1
ACC-10482,Kerala,Ernakulam,Kochi,Kochi Bypass NH-66,Edapally Toll Junction to Palarivattom,9.97529,76.32161,2023,4,20,7,Urban Arterial,Dangerous Junction Geometry,Pedestrian,Vulnerable Road User (VRU),Clear,Dry / Smooth,Daylight,Congested,1,1,2
ACC-10483,Kerala,Ernakulam,Kochi,Kochi Bypass NH-66,Edapally Toll Junction to Palarivattom,9.97978,76.31977,2024,12,20,1,Urban Arterial,Adverse Weather / Fog,Two-Wheeler,Vulnerable Road User (VRU),Fog/Mist,Under Construction,Unlit / Pitch Black,Low,1,0,3
ACC-10484,Kerala,Ernakulam,Kochi,Kochi Bypass NH-66,Edapally Toll Junction to Palarivattom,9.97919,76.32425,2021,1,9,18,Urban Arterial,Dangerous Junction Geometry,Pedestrian,Vulnerable Road User (VRU),Clear,Damaged / Potholes,Streetlights Operational,Medium,1,0,1
ACC-10485,Kerala,Ernakulam,Kochi,Kochi Bypass NH-66,Edapally Toll Junction to Palarivattom,9.97766,76.32217,2022,2,11,9,Urban Arterial,Potholes / Road Surface Defect,Auto-Rickshaw,Vulnerable Road User (VRU),Clear,Damaged / Potholes,Daylight,Low,1,1,2
ACC-10486,Kerala,Ernakulam,Kochi,Kochi Bypass NH-66,Edapally Toll Junction to Palarivattom,9.97795,76.32072,2024,5,9,8,Urban Arterial,Dangerous Junction Geometry,Pedestrian,Vulnerable Road User (VRU),Clear,Damaged / Potholes,Daylight,Congested,1,0,0
ACC-10487,Kerala,Ernakulam,Kochi,Kochi Bypass NH-66,Edapally Toll Junction to Palarivattom,9.97862,76.31812,2024,1,7,7,Urban Arterial,Potholes / Road Surface Defect,Two-Wheeler,Vulnerable Road User (VRU),Rain,Damaged / Potholes,Daylight,Low,1,1,0
ACC-10488,Kerala,Ernakulam,Kochi,Kochi Bypass NH-66,Edapally Toll Junction to Palarivattom,9.9763,76.32336,2024,6,23,19,Urban Arterial,Overspeeding,Two-Wheeler,Vulnerable Road User (VRU),Clear,Dry / Smooth,Streetlights Operational,High,1,1,2
ACC-10489,Kerala,Ernakulam,Kochi,Kochi Bypass NH-66,Edapally Toll Junction to Palarivattom,9.96472,76.3211,2022,10,1,21,Urban Arterial,Potholes / Road Surface Defect,Pedestrian,Vulnerable Road User (VRU),Clear,Damaged / Potholes,Streetlights Operational,Congested,1,0,2
ACC-10490,Kerala,Ernakulam,Kochi,Kochi Bypass NH-66,Edapally Toll Junction to Palarivattom,9.97982,76.3207,2021,7,12,1,Urban Arterial,Dangerous Junction Geometry,Car,Motorized Passenger,Rain,Under Construction,Poor / Intermittent,Low,1,0,0
ACC-10491,Kerala,Ernakulam,Kochi,Kochi Bypass NH-66,Edapally Toll Junction to Palarivattom,9.96543,76.32543,2024,6,24,17,Urban Arterial,Potholes / Road Surface Defect,Car,Motorized Passenger,Clear,Damaged / Potholes,Daylight,Low,1,0,0
ACC-10492,Kerala,Ernakulam,Kochi,Kochi Bypass NH-66,Edapally Toll Junction to Palarivattom,9.97465,76.32547,2024,2,13,7,Urban Arterial,Overspeeding,Two-Wheeler,Vulnerable Road User (VRU),Clear,Dry / Smooth,Daylight,Medium,1,0,1
ACC-10493,Kerala,Ernakulam,Kochi,Kochi Bypass NH-66,Edapally Toll Junction to Palarivattom,9.97192,76.31921,2022,2,10,18,Urban Arterial,Dangerous Junction Geometry,Car,Motorized Passenger,Rain,Wet / Slippery,Unlit / Pitch Black,Medium,1,0,2
ACC-10494,Kerala,Ernakulam,Kochi,Kochi Bypass NH-66,Edapally Toll Junction to Palarivattom,9.96789,76.32118,2024,2,25,9,Urban Arterial,Potholes / Road Surface Defect,Pedestrian,Vulnerable Road User (VRU),Rain,Damaged / Potholes,Daylight,High,1,1,1
ACC-10495,Maharashtra,Mumbai Suburban,Mumbai,Western Express Highway (WEH),Goregaon Aarey Flyover to Malad Subway,19.16531,72.85438,2022,8,17,20,Urban Arterial,Overspeeding,Car,Motorized Passenger,Rain,Wet / Slippery,Streetlights Operational,Congested,1,3,2
ACC-10496,Maharashtra,Mumbai Suburban,Mumbai,Western Express Highway (WEH),Goregaon Aarey Flyover to Malad Subway,19.16455,72.85448,2024,5,19,1,Urban Arterial,Overspeeding,Auto-Rickshaw,Vulnerable Road User (VRU),Clear,Under Construction,Poor / Intermittent,Congested,1,0,1
ACC-10497,Maharashtra,Mumbai Suburban,Mumbai,Western Express Highway (WEH),Goregaon Aarey Flyover to Malad Subway,19.1699,72.85768,2021,9,1,22,Urban Arterial,Potholes / Road Surface Defect,Two-Wheeler,Vulnerable Road User (VRU),Rain,Damaged / Potholes,Streetlights Operational,High,1,2,1
ACC-10498,Maharashtra,Mumbai Suburban,Mumbai,Western Express Highway (WEH),Goregaon Aarey Flyover to Malad Subway,19.16813,72.86147,2024,10,26,2,Urban Arterial,Dangerous Junction Geometry,Two-Wheeler,Vulnerable Road User (VRU),Rain,Dry / Smooth,Poor / Intermittent,High,1,1,0
ACC-10499,Maharashtra,Mumbai Suburban,Mumbai,Western Express Highway (WEH),Goregaon Aarey Flyover to Malad Subway,19.16075,72.86593,2024,5,20,12,Urban Arterial,Poor Lighting,Auto-Rickshaw,Vulnerable Road User (VRU),Clear,Under Construction,Daylight,High,1,1,0
ACC-10500,Maharashtra,Mumbai Suburban,Mumbai,Western Express Highway (WEH),Goregaon Aarey Flyover to Malad Subway,19.16725,72.85226,2021,4,16,22,Urban Arterial,Dangerous Junction Geometry,Car,Motorized Passenger,Clear,Damaged / Potholes,Streetlights Operational,Low,1,0,0
ACC-10501,Maharashtra,Mumbai Suburban,Mumbai,Western Express Highway (WEH),Goregaon Aarey Flyover to Malad Subway,19.16584,72.85204,2022,12,23,19,Urban Arterial,Potholes / Road Surface Defect,Two-Wheeler,Vulnerable Road User (VRU),Clear,Damaged / Potholes,Streetlights Operational,Medium,1,2,1
ACC-10502,Maharashtra,Mumbai Suburban,Mumbai,Western Express Highway (WEH),Goregaon Aarey Flyover to Malad Subway,19.16972,72.85925,2024,7,28,21,Urban Arterial,Poor Lighting,Two-Wheeler,Vulnerable Road User (VRU),Rain,Wet / Slippery,Poor / Intermittent,Congested,1,1,0
ACC-10503,Maharashtra,Mumbai Suburban,Mumbai,Western Express Highway (WEH),Goregaon Aarey Flyover to Malad Subway,19.17212,72.85791,2023,11,14,4,Urban Arterial,Potholes / Road Surface Defect,Auto-Rickshaw,Vulnerable Road User (VRU),Fog/Mist,Damaged / Potholes,Streetlights Operational,Low,1,1,0
ACC-10504,Maharashtra,Mumbai Suburban,Mumbai,Western Express Highway (WEH),Goregaon Aarey Flyover to Malad Subway,19.17127,72.86215,2024,4,17,22,Urban Arterial,Poor Lighting,Auto-Rickshaw,Vulnerable Road User (VRU),Clear,Damaged / Potholes,Poor / Intermittent,Congested,1,0,2
ACC-10505,Maharashtra,Mumbai Suburban,Mumbai,Western Express Highway (WEH),Goregaon Aarey Flyover to Malad Subway,19.16716,72.8663,2024,3,20,23,Urban Arterial,Overspeeding,Auto-Rickshaw,Vulnerable Road User (VRU),Clear,Damaged / Potholes,Streetlights Operational,Medium,1,0,0
ACC-10506,Maharashtra,Mumbai Suburban,Mumbai,Western Express Highway (WEH),Goregaon Aarey Flyover to Malad Subway,19.16232,72.85403,2023,4,7,0,Urban Arterial,Poor Lighting,Car,Motorized Passenger,Clear,Damaged / Potholes,Poor / Intermittent,High,1,0,1
ACC-10507,Maharashtra,Mumbai Suburban,Mumbai,Western Express Highway (WEH),Goregaon Aarey Flyover to Malad Subway,19.17017,72.85207,2022,8,9,15,Urban Arterial,Poor Lighting,Two-Wheeler,Vulnerable Road User (VRU),Rain,Wet / Slippery,Daylight,Medium,1,0,2
ACC-10508,Maharashtra,Mumbai Suburban,Mumbai,Western Express Highway (WEH),Goregaon Aarey Flyover to Malad Subway,19.16629,72.86205,2021,8,26,1,Urban Arterial,Overspeeding,Auto-Rickshaw,Vulnerable Road User (VRU),Clear,Dry / Smooth,Streetlights Operational,High,1,1,1
ACC-10509,Maharashtra,Mumbai Suburban,Mumbai,Western Express Highway (WEH),Goregaon Aarey Flyover to Malad Subway,19.16443,72.86335,2024,9,16,4,Urban Arterial,Dangerous Junction Geometry,Auto-Rickshaw,Vulnerable Road User (VRU),Rain,Wet / Slippery,Unlit / Pitch Black,Medium,1,1,2
ACC-10510,Maharashtra,Mumbai Suburban,Mumbai,Western Express Highway (WEH),Goregaon Aarey Flyover to Malad Subway,19.16415,72.86323,2023,5,17,8,Urban Arterial,Poor Lighting,Auto-Rickshaw,Vulnerable Road User (VRU),Clear,Under Construction,Daylight,Medium,1,1,1
ACC-10511,Maharashtra,Mumbai Suburban,Mumbai,Western Express Highway (WEH),Goregaon Aarey Flyover to Malad Subway,19.16161,72.85581,2024,7,15,11,Urban Arterial,Poor Lighting,Two-Wheeler,Vulnerable Road User (VRU),Rain,Wet / Slippery,Daylight,High,1,0,1
ACC-10512,Maharashtra,Mumbai Suburban,Mumbai,Western Express Highway (WEH),Goregaon Aarey Flyover to Malad Subway,19.16601,72.86363,2024,3,14,0,Urban Arterial,Dangerous Junction Geometry,Auto-Rickshaw,Vulnerable Road User (VRU),Rain,Under Construction,Poor / Intermittent,Low,1,0,1
ACC-10513,Maharashtra,Mumbai Suburban,Mumbai,Western Express Highway (WEH),Goregaon Aarey Flyover to Malad Subway,19.16185,72.859,2022,12,13,7,Urban Arterial,Potholes / Road Surface Defect,Auto-Rickshaw,Vulnerable Road User (VRU),Clear,Damaged / Potholes,Daylight,Congested,1,0,2
ACC-10514,Maharashtra,Mumbai Suburban,Mumbai,Western Express Highway (WEH),Goregaon Aarey Flyover to Malad Subway,19.16095,72.86315,2024,12,24,5,Urban Arterial,Poor Lighting,Two-Wheeler,Vulnerable Road User (VRU),Rain,Wet / Slippery,Unlit / Pitch Black,Low,1,0,0
ACC-10515,Maharashtra,Mumbai Suburban,Mumbai,Western Express Highway (WEH),Goregaon Aarey Flyover to Malad Subway,19.16862,72.85238,2023,4,27,14,Urban Arterial,Potholes / Road Surface Defect,Auto-Rickshaw,Vulnerable Road User (VRU),Clear,Damaged / Potholes,Daylight,High,1,0,1
ACC-10516,Maharashtra,Mumbai Suburban,Mumbai,Western Express Highway (WEH),Goregaon Aarey Flyover to Malad Subway,19.16966,72.85264,2021,8,10,0,Urban Arterial,Potholes / Road Surface Defect,Car,Motorized Passenger,Clear,Damaged / Potholes,Streetlights Operational,Low,1,1,2
ACC-10517,Maharashtra,Mumbai Suburban,Mumbai,Western Express Highway (WEH),Goregaon Aarey Flyover to Malad Subway,19.16181,72.8514,2024,9,24,9,Urban Arterial,Dangerous Junction Geometry,Car,Motorized Passenger,Rain,Wet / Slippery,Daylight,Medium,1,0,2
ACC-10518,Maharashtra,Mumbai Suburban,Mumbai,Western Express Highway (WEH),Goregaon Aarey Flyover to Malad Subway,19.17644,72.86142,2022,8,7,9,Urban Arterial,Potholes / Road Surface Defect,Auto-Rickshaw,Vulnerable Road User (VRU),Rain,Damaged / Potholes,Daylight,Low,1,0,1
ACC-10519,Maharashtra,Mumbai Suburban,Mumbai,Western Express Highway (WEH),Goregaon Aarey Flyover to Malad Subway,19.16102,72.85291,2024,12,14,5,Urban Arterial,Dangerous Junction Geometry,Car,Motorized Passenger,Fog/Mist,Damaged / Potholes,Streetlights Operational,High,1,0,1
ACC-10520,Maharashtra,Mumbai Suburban,Mumbai,Western Express Highway (WEH),Goregaon Aarey Flyover to Malad Subway,19.16827,72.86306,2023,2,20,4,Urban Arterial,Overspeeding,Car,Motorized Passenger,Clear,Dry / Smooth,Streetlights Operational,High,1,3,1
ACC-10521,Maharashtra,Mumbai Suburban,Mumbai,Western Express Highway (WEH),Goregaon Aarey Flyover to Malad Subway,19.16718,72.85957,2022,10,14,8,Urban Arterial,Poor Lighting,Two-Wheeler,Vulnerable Road User (VRU),Rain,Damaged / Potholes,Daylight,High,1,1,2