id,state,district,city,road_name,road_segment,latitude,longitude,year,month,day,hour,road_category,cause,vehicle_type,road_user_type,weather,road_condition,lighting_condition,traffic_level,accidents,fatalities,injuries
ACC-10522,Maharashtra,Mumbai Suburban,Mumbai,Western Express Highway (WEH),Goregaon Aarey Flyover to Malad Subway,19.17215,72.85183,2024,6,26,23,Urban Arterial,Dangerous Junction Geometry,Two-Wheeler,Vulnerable Road User (VRU),Rain,Wet / Slippery,Streetlights Operational,Congested,1,0,0
ACC-10523,Maharashtra,Mumbai Suburban,Mumbai,Western Express Highway (WEH),Goregaon Aarey Flyover to Malad Subway,19.16965,72.86314,2024,7,8,8,Urban Arterial,Overspeeding,Auto-Rickshaw,Vulnerable Road User (VRU),Rain,Wet / Slippery,Daylight,High,1,0,2
ACC-10524,Maharashtra,Mumbai Suburban,Mumbai,Western Express Highway (WEH),Goregaon Aarey Flyover to Malad Subway,19.17103,72.85891,2023,9,21,20,Urban Arterial,Overspeeding,Two-Wheeler,Vulnerable Road User (VRU),Clear,Dry / Smooth,Streetlights Operational,Congested,1,0,0
ACC-10525,Maharashtra,Mumbai Suburban,Mumbai,Western Express Highway (WEH),Goregaon Aarey Flyover to Malad Subway,19.17544,72.85584,2021,5,26,23,Urban Arterial,Potholes / Road Surface Defect,Two-Wheeler,Vulnerable Road User (VRU),Clear,Damaged / Potholes,Streetlights Operational,Congested,1,0,1
ACC-10526,Maharashtra,Mumbai Suburban,Mumbai,Western Express Highway (WEH),Goregaon Aarey Flyover to Malad Subway,19.16507,72.85332,2022,7,1,8,Urban Arterial,Potholes / Road Surface Defect,Car,Motorized Passenger,Clear,Damaged / Potholes,Daylight,High,1,0,1
ACC-10527,Maharashtra,Mumbai Suburban,Mumbai,Western Express Highway (WEH),Goregaon Aarey Flyover to Malad Subway,19.16562,72.85701,2021,3,10,13,Urban Arterial,Dangerous Junction Geometry,Two-Wheeler,Vulnerable Road User (VRU),Rain,Wet / Slippery,Daylight,Medium,1,1,1
ACC-10528,Maharashtra,Mumbai Suburban,Mumbai,Western Express Highway (WEH),Goregaon Aarey Flyover to Malad Subway,19.16666,72.85224,2023,5,13,17,Urban Arterial,Overspeeding,Two-Wheeler,Vulnerable Road User (VRU),Clear,Damaged / Potholes,Daylight,Medium,1,0,2
ACC-10529,Maharashtra,Mumbai Suburban,Mumbai,Western Express Highway (WEH),Goregaon Aarey Flyover to Malad Subway,19.16212,72.86261,2021,6,15,1,Urban Arterial,Potholes / Road Surface Defect,Two-Wheeler,Vulnerable Road User (VRU),Clear,Damaged / Potholes,Unlit / Pitch Black,Low,1,0,1
ACC-10530,Maharashtra,Mumbai Suburban,Mumbai,Western Express Highway (WEH),Goregaon Aarey Flyover to Malad Subway,19.17043,72.86085,2022,5,19,1,Urban Arterial,Dangerous Junction Geometry,Two-Wheeler,Vulnerable Road User (VRU),Rain,Damaged / Potholes,Unlit / Pitch Black,Congested,1,2,3
ACC-10531,Maharashtra,Mumbai Suburban,Mumbai,Western Express Highway (WEH),Goregaon Aarey Flyover to Malad Subway,19.1639,72.86385,2022,1,2,10,Urban Arterial,Poor Lighting,Auto-Rickshaw,Vulnerable Road User (VRU),Rain,Wet / Slippery,Daylight,Congested,1,0,2
ACC-10532,Maharashtra,Mumbai Suburban,Mumbai,Western Express Highway (WEH),Goregaon Aarey Flyover to Malad Subway,19.17648,72.86445,2023,1,6,12,Urban Arterial,Overspeeding,Car,Motorized Passenger,Rain,Dry / Smooth,Daylight,High,1,0,2
ACC-10533,Maharashtra,Mumbai Suburban,Mumbai,Western Express Highway (WEH),Goregaon Aarey Flyover to Malad Subway,19.16387,72.86574,2022,10,17,8,Urban Arterial,Poor Lighting,Auto-Rickshaw,Vulnerable Road User (VRU),Rain,Wet / Slippery,Daylight,Congested,1,1,1
ACC-10534,Maharashtra,Mumbai Suburban,Mumbai,Western Express Highway (WEH),Goregaon Aarey Flyover to Malad Subway,19.1727,72.85901,2023,1,23,0,Urban Arterial,Potholes / Road Surface Defect,Two-Wheeler,Vulnerable Road User (VRU),Fog/Mist,Damaged / Potholes,Streetlights Operational,Medium,1,2,2
ACC-10535,Maharashtra,Mumbai Suburban,Mumbai,Western Express Highway (WEH),Goregaon Aarey Flyover to Malad Subway,19.17012,72.85659,2021,9,1,16,Urban Arterial,Potholes / Road Surface Defect,Auto-Rickshaw,Vulnerable Road User (VRU),Clear,Damaged / Potholes,Daylight,Low,1,0,1
ACC-10536,Maharashtra,Mumbai Suburban,Mumbai,Western Express Highway (WEH),Goregaon Aarey Flyover to Malad Subway,19.17185,72.85346,2021,2,15,7,Urban Arterial,Potholes / Road Surface Defect,Two-Wheeler,Vulnerable Road User (VRU),Clear,Damaged / Potholes,Daylight,High,1,0,2
ACC-10537,Delhi,East Delhi,Delhi,Delhi-Meerut Expressway (NE-3),Ghazipur Border to UP Gate Overpass,28.62013,77.3803,2023,12,8,19,Expressway,Adverse Weather / Fog,Two-Wheeler,Vulnerable Road User (VRU),Clear,Dry / Smooth,Unlit / Pitch Black,Congested,1,1,1
ACC-10538,Delhi,East Delhi,Delhi,Delhi-Meerut Expressway (NE-3),Ghazipur Border to UP Gate Overpass,28.63292,77.38804,2022,2,19,1,Expressway,Overspeeding,Car,Motorized Passenger,Clear,Damaged / Potholes,Streetlights Operational,Medium,1,0,0
ACC-10539,Delhi,East Delhi,Delhi,Delhi-Meerut Expressway (NE-3),Ghazipur Border to UP Gate Overpass,28.62178,77.38808,2023,11,18,3,Expressway,Pedestrian Crossing Hazard,Heavy Truck,Commercial Goods,Fog/Mist,Dry / Smooth,Streetlights Operational,Low,1,0,4
ACC-10540,Delhi,East Delhi,Delhi,Delhi-Meerut Expressway (NE-3),Ghazipur Border to UP Gate Overpass,28.63032,77.39304,2024,8,12,0,Expressway,Overspeeding,Two-Wheeler,Vulnerable Road User (VRU),Rain,Wet / Slippery,Poor / Intermittent,High,1,1,2
ACC-10541,Delhi,East Delhi,Delhi,Delhi-Meerut Expressway (NE-3),Ghazipur Border to UP Gate Overpass,28.62431,77.37758,2022,12,14,17,Expressway,Overspeeding,Two-Wheeler,Vulnerable Road User (VRU),Clear,Damaged / Potholes,Daylight,Low,1,1,0
ACC-10542,Delhi,East Delhi,Delhi,Delhi-Meerut Expressway (NE-3),Ghazipur Border to UP Gate Overpass,28.62731,77.38943,2023,5,8,7,Expressway,Adverse Weather / Fog,Two-Wheeler,Vulnerable Road User (VRU),Rain,Wet / Slippery,Daylight,Medium,1,0,2
ACC-10543,Delhi,East Delhi,Delhi,Delhi-Meerut Expressway (NE-3),Ghazipur Border to UP Gate Overpass,28.61903,77.37809,2024,10,4,0,Expressway,Wrong-side Driving,Car,Motorized Passenger,Clear,Damaged / Potholes,Unlit / Pitch Black,Congested,1,1,1
ACC-10544,Delhi,East Delhi,Delhi,Delhi-Meerut Expressway (NE-3),Ghazipur Border to UP Gate Overpass,28.62732,77.37882,2021,5,28,1,Expressway,Pedestrian Crossing Hazard,Two-Wheeler,Vulnerable Road User (VRU),Rain,Dry / Smooth,Streetlights Operational,Congested,1,0,1
ACC-10545,Delhi,East Delhi,Delhi,Delhi-Meerut Expressway (NE-3),Ghazipur Border to UP Gate Overpass,28.63187,77.37922,2021,8,17,7,Expressway,Wrong-side Driving,Two-Wheeler,Vulnerable Road User (VRU),Rain,Wet / Slippery,Daylight,High,1,0,2
ACC-10546,Delhi,East Delhi,Delhi,Delhi-Meerut Expressway (NE-3),Ghazipur Border to UP Gate Overpass,28.62783,77.38292,2023,6,14,21,Expressway,Pedestrian Crossing Hazard,Two-Wheeler,Vulnerable Road User (VRU),Rain,Wet / Slippery,Unlit / Pitch Black,Low,1,0,1
ACC-10547,Delhi,East Delhi,Delhi,Delhi-Meerut Expressway (NE-3),Ghazipur Border to UP Gate Overpass,28.62635,77.37807,2022,3,16,9,Expressway,Adverse Weather / Fog,Car,Motorized Passenger,Clear,Dry / Smooth,Daylight,High,1,0,2
ACC-10548,Delhi,East Delhi,Delhi,Delhi-Meerut Expressway (NE-3),Ghazipur Border to UP Gate Overpass,28.62665,77.39261,2023,4,7,7,Expressway,Wrong-side Driving,Car,Motorized Passenger,Rain,Damaged / Potholes,Daylight,Congested,1,0,1
ACC-10549,Delhi,East Delhi,Delhi,Delhi-Meerut Expressway (NE-3),Ghazipur Border to UP Gate Overpass,28.63264,77.3825,2023,7,11,19,Expressway,Wrong-side Driving,Car,Motorized Passenger,Rain,Damaged / Potholes,Unlit / Pitch Black,Medium,1,0,2
ACC-10550,Delhi,East Delhi,Delhi,Delhi-Meerut Expressway (NE-3),Ghazipur Border to UP Gate Overpass,28.632,77.38296,2024,4,13,0,Expressway,Adverse Weather / Fog,Two-Wheeler,Vulnerable Road User (VRU),Clear,Dry / Smooth,Unlit / Pitch Black,Low,1,0,1
ACC-10551,Delhi,East Delhi,Delhi,Delhi-Meerut Expressway (NE-3),Ghazipur Border to UP Gate Overpass,28.63089,77.39177,2021,4,7,7,Expressway,Adverse Weather / Fog,Heavy Truck,Commercial Goods,Clear,Damaged / Potholes,Daylight,Medium,1,0,0
ACC-10552,Delhi,East Delhi,Delhi,Delhi-Meerut Expressway (NE-3),Ghazipur Border to UP Gate Overpass,28.63303,77.39316,2021,11,5,1,Expressway,Adverse Weather / Fog,Two-Wheeler,Vulnerable Road User (VRU),Rain,Wet / Slippery,Unlit / Pitch Black,Low,1,0,3
ACC-10553,Delhi,East Delhi,Delhi,Delhi-Meerut Expressway (NE-3),Ghazipur Border to UP Gate Overpass,28.62131,77.37794,2024,12,3,2,Expressway,Overspeeding,Two-Wheeler,Vulnerable Road User (VRU),Rain,Wet / Slippery,Streetlights Operational,Low,1,0,4
ACC-10554,Delhi,East Delhi,Delhi,Delhi-Meerut Expressway (NE-3),Ghazipur Border to UP Gate Overpass,28.63157,77.38055,2022,9,10,8,Expressway,Overspeeding,Two-Wheeler,Vulnerable Road User (VRU),Rain,Wet / Slippery,Daylight,Medium,1,0,3
ACC-10555,Delhi,East Delhi,Delhi,Delhi-Meerut Expressway (NE-3),Ghazipur Border to UP Gate Overpass,28.62513,77.39249,2021,8,26,4,Expressway,Overspeeding,Heavy Truck,Commercial Goods,Rain,Wet / Slippery,Poor / Intermittent,Congested,1,1,1
ACC-10556,Delhi,East Delhi,Delhi,Delhi-Meerut Expressway (NE-3),Ghazipur Border to UP Gate Overpass,28.61992,77.39068,2024,5,19,21,Expressway,Wrong-side Driving,Two-Wheeler,Vulnerable Road User (VRU),Clear,Under Construction,Unlit / Pitch Black,Congested,1,1,1
ACC-10557,Delhi,East Delhi,Delhi,Delhi-Meerut Expressway (NE-3),Ghazipur Border to UP Gate Overpass,28.62422,77.38468,2023,9,3,1,Expressway,Adverse Weather / Fog,Car,Motorized Passenger,Rain,Wet / Slippery,Streetlights Operational,High,1,0,1
ACC-10558,Delhi,East Delhi,Delhi,Delhi-Meerut Expressway (NE-3),Ghazipur Border to UP Gate Overpass,28.63182,77.38191,2024,6,26,8,Expressway,Pedestrian Crossing Hazard,Two-Wheeler,Vulnerable Road User (VRU),Rain,Wet / Slippery,Daylight,Medium,1,0,0
ACC-10559,Delhi,East Delhi,Delhi,Delhi-Meerut Expressway (NE-3),Ghazipur Border to UP Gate Overpass,28.62932,77.3895,2021,5,8,1,Expressway,Adverse Weather / Fog,Two-Wheeler,Vulnerable Road User (VRU),Rain,Wet / Slippery,Streetlights Operational,Medium,1,0,1
ACC-10560,Delhi,East Delhi,Delhi,Delhi-Meerut Expressway (NE-3),Ghazipur Border to UP Gate Overpass,28.62389,77.38648,2023,4,23,2,Expressway,Adverse Weather / Fog,Two-Wheeler,Vulnerable Road User (VRU),Rain,Wet / Slippery,Streetlights Operational,Low,1,0,1
ACC-10561,Delhi,East Delhi,Delhi,Delhi-Meerut Expressway (NE-3),Ghazipur Border to UP Gate Overpass,28.63007,77.38221,2021,8,21,2,Expressway,Pedestrian Crossing Hazard,Two-Wheeler,Vulnerable Road User (VRU),Rain,Wet / Slippery,Unlit / Pitch Black,Congested,1,0,1
ACC-10562,Delhi,East Delhi,Delhi,Delhi-Meerut Expressway (NE-3),Ghazipur Border to UP Gate Overpass,28.61945,77.39229,2022,7,25,9,Expressway,Overspeeding,Car,Motorized Passenger,Rain,Wet / Slippery,Daylight,High,1,0,1
ACC-10563,Delhi,East Delhi,Delhi,Delhi-Meerut Expressway (NE-3),Ghazipur Border to UP Gate Overpass,28.62219,77.38659,2021,8,26,8,Expressway,Adverse Weather / Fog,Two-Wheeler,Vulnerable Road User (VRU),Rain,Wet / Slippery,Daylight,Congested,1,0,2
ACC-10564,Delhi,East Delhi,Delhi,Delhi-Meerut Expressway (NE-3),Ghazipur Border to UP Gate Overpass,28.61914,77.38631,2021,3,5,8,Expressway,Pedestrian Crossing Hazard,Car,Motorized Passenger,Rain,Damaged / Potholes,Daylight,High,1,0,0
ACC-10565,Delhi,East Delhi,Delhi,Delhi-Meerut Expressway (NE-3),Ghazipur Border to UP Gate Overpass,28.62194,77.38093,2024,11,10,1,Expressway,Overspeeding,Two-Wheeler,Vulnerable Road User (VRU),Fog/Mist,Under Construction,Streetlights Operational,High,1,1,3
ACC-10566,Delhi,East Delhi,Delhi,Delhi-Meerut Expressway (NE-3),Ghazipur Border to UP Gate Overpass,28.62409,77.38909,2021,8,2,0,Expressway,Overspeeding,Car,Motorized Passenger,Rain,Wet / Slippery,Streetlights Operational,Medium,1,0,0
ACC-10567,Delhi,East Delhi,Delhi,Delhi-Meerut Expressway (NE-3),Ghazipur Border to UP Gate Overpass,28.62836,77.38161,2024,4,5,7,Expressway,Pedestrian Crossing Hazard,Heavy Truck,Commercial Goods,Clear,Under Construction,Daylight,Low,1,0,1
ACC-10568,Delhi,East Delhi,Delhi,Delhi-Meerut Expressway (NE-3),Ghazipur Border to UP Gate Overpass,28.6315,77.3845,2021,3,15,18,Expressway,Overspeeding,Heavy Truck,Commercial Goods,Rain,Under Construction,Poor / Intermittent,High,1,0,1
ACC-10569,Karnataka,Bengaluru Rural,Bengaluru,Old Madras Road NH-75,KR Puram Hanging Bridge to Avalahalli,13.00244,77.7523,2023,7,20,16,National Highway,Poor Lighting,Bus,Motorized Passenger,Rain,Wet / Slippery,Daylight,Congested,1,0,3
ACC-10570,Karnataka,Bengaluru Rural,Bengaluru,Old Madras Road NH-75,KR Puram Hanging Bridge to Avalahalli,13.00298,77.7511,2024,12,2,2,National Highway,Potholes / Road Surface Defect,Heavy Truck,Commercial Goods,Fog/Mist,Damaged / Potholes,Streetlights Operational,High,1,0,2
ACC-10571,Karnataka,Bengaluru Rural,Bengaluru,Old Madras Road NH-75,KR Puram Hanging Bridge to Avalahalli,13.00689,77.74437,2021,6,3,11,National Highway,Potholes / Road Surface Defect,Bus,Motorized Passenger,Rain,Damaged / Potholes,Daylight,Medium,1,0,1
ACC-10572,Karnataka,Bengaluru Rural,Bengaluru,Old Madras Road NH-75,KR Puram Hanging Bridge to Avalahalli,13.01148,77.75096,2024,7,11,16,National Highway,Poor Lighting,Bus,Motorized Passenger,Rain,Wet / Slippery,Daylight,Low,1,2,1
ACC-10573,Karnataka,Bengaluru Rural,Bengaluru,Old Madras Road NH-75,KR Puram Hanging Bridge to Avalahalli,13.00421,77.75175,2021,2,18,14,National Highway,Dangerous Junction Geometry,Pedestrian,Vulnerable Road User (VRU),Clear,Under Construction,Daylight,Medium,1,1,0
ACC-10574,Karnataka,Bengaluru Rural,Bengaluru,Old Madras Road NH-75,KR Puram Hanging Bridge to Avalahalli,13.00657,77.74396,2024,3,3,3,National Highway,Potholes / Road Surface Defect,Pedestrian,Vulnerable Road User (VRU),Clear,Damaged / Potholes,Unlit / Pitch Black,High,1,0,1
ACC-10575,Karnataka,Bengaluru Rural,Bengaluru,Old Madras Road NH-75,KR Puram Hanging Bridge to Avalahalli,12.99973,77.75633,2021,7,23,0,National Highway,Pedestrian Crossing Hazard,Two-Wheeler,Vulnerable Road User (VRU),Clear,Damaged / Potholes,Streetlights Operational,Medium,1,1,0
ACC-10576,Karnataka,Bengaluru Rural,Bengaluru,Old Madras Road NH-75,KR Puram Hanging Bridge to Avalahalli,13.00953,77.75319,2021,4,4,16,National Highway,Poor Lighting,Pedestrian,Vulnerable Road User (VRU),Rain,Dry / Smooth,Daylight,High,1,0,1
ACC-10577,Karnataka,Bengaluru Rural,Bengaluru,Old Madras Road NH-75,KR Puram Hanging Bridge to Avalahalli,13.00056,77.75624,2024,7,4,1,National Highway,Potholes / Road Surface Defect,Heavy Truck,Commercial Goods,Clear,Damaged / Potholes,Poor / Intermittent,High,1,0,1
ACC-10578,Karnataka,Bengaluru Rural,Bengaluru,Old Madras Road NH-75,KR Puram Hanging Bridge to Avalahalli,13.00469,77.75329,2023,1,3,9,National Highway,Potholes / Road Surface Defect,Bus,Motorized Passenger,Clear,Damaged / Potholes,Daylight,Medium,1,0,0
ACC-10579,Karnataka,Bengaluru Rural,Bengaluru,Old Madras Road NH-75,KR Puram Hanging Bridge to Avalahalli,13.00768,77.75507,2024,11,25,8,National Highway,Poor Lighting,Heavy Truck,Commercial Goods,Clear,Under Construction,Daylight,Low,1,2,1
ACC-10580,Karnataka,Bengaluru Rural,Bengaluru,Old Madras Road NH-75,KR Puram Hanging Bridge to Avalahalli,13.00193,77.74647,2021,4,1,1,National Highway,Potholes / Road Surface Defect,Pedestrian,Vulnerable Road User (VRU),Clear,Damaged / Potholes,Streetlights Operational,High,1,1,1
ACC-10581,Karnataka,Bengaluru Rural,Bengaluru,Old Madras Road NH-75,KR Puram Hanging Bridge to Avalahalli,13.01123,77.74868,2021,4,24,19,National Highway,Potholes / Road Surface Defect,Pedestrian,Vulnerable Road User (VRU),Rain,Damaged / Potholes,Unlit / Pitch Black,Low,1,0,1
ACC-10582,Karnataka,Bengaluru Rural,Bengaluru,Old Madras Road NH-75,KR Puram Hanging Bridge to Avalahalli,13.01342,77.74432,2022,9,2,13,National Highway,Poor Lighting,Pedestrian,Vulnerable Road User (VRU),Clear,Under Construction,Daylight,Medium,1,0,0
ACC-10583,Karnataka,Bengaluru Rural,Bengaluru,Old Madras Road NH-75,KR Puram Hanging Bridge to Avalahalli,13.00448,77.75475,2022,1,21,6,National Highway,Poor Lighting,Two-Wheeler,Vulnerable Road User (VRU),Fog/Mist,Damaged / Potholes,Daylight,Medium,1,1,2
ACC-10584,Karnataka,Bengaluru Rural,Bengaluru,Old Madras Road NH-75,KR Puram Hanging Bridge to Avalahalli,13.01472,77.74895,2022,7,6,8,National Highway,Potholes / Road Surface Defect,Bus,Motorized Passenger,Clear,Damaged / Potholes,Daylight,Low,1,0,1
ACC-10585,Karnataka,Bengaluru Rural,Bengaluru,Old Madras Road NH-75,KR Puram Hanging Bridge to Avalahalli,13.014,77.748,2024,3,16,20,National Highway,Dangerous Junction Geometry,Pedestrian,Vulnerable Road User (VRU),Clear,Under Construction,Streetlights Operational,Congested,1,0,0
ACC-10586,Karnataka,Bengaluru Rural,Bengaluru,Old Madras Road NH-75,KR Puram Hanging Bridge to Avalahalli,13.00198,77.74623,2022,9,24,18,National Highway,Dangerous Junction Geometry,Heavy Truck,Commercial Goods,Rain,Wet / Slippery,Streetlights Operational,Congested,1,1,1
ACC-10587,Karnataka,Bengaluru Rural,Bengaluru,Old Madras Road NH-75,KR Puram Hanging Bridge to Avalahalli,13.00891,77.74974,2021,9,24,10,National Highway,Dangerous Junction Geometry,Bus,Motorized Passenger,Rain,Wet / Slippery,Daylight,Congested,1,0,1
ACC-10588,Karnataka,Bengaluru Rural,Bengaluru,Old Madras Road NH-75,KR Puram Hanging Bridge to Avalahalli,13.00042,77.74937,2021,2,13,5,National Highway,Poor Lighting,Bus,Motorized Passenger,Rain,Wet / Slippery,Poor / Intermittent,Congested,1,0,1
ACC-10589,Karnataka,Bengaluru Rural,Bengaluru,Old Madras Road NH-75,KR Puram Hanging Bridge to Avalahalli,13.00357,77.75283,2024,12,8,0,National Highway,Potholes / Road Surface Defect,Two-Wheeler,Vulnerable Road User (VRU),Fog/Mist,Damaged / Potholes,Streetlights Operational,Medium,1,1,2
ACC-10590,Karnataka,Bengaluru Rural,Bengaluru,Old Madras Road NH-75,KR Puram Hanging Bridge to Avalahalli,13.00751,77.75173,2022,1,4,13,National Highway,Dangerous Junction Geometry,Bus,Motorized Passenger,Clear,Dry / Smooth,Daylight,Congested,1,1,2
ACC-10591,Karnataka,Bengaluru Rural,Bengaluru,Old Madras Road NH-75,KR Puram Hanging Bridge to Avalahalli,13.01068,77.7433,2024,10,10,15,National Highway,Pedestrian Crossing Hazard,Two-Wheeler,Vulnerable Road User (VRU),Rain,Wet / Slippery,Daylight,Medium,1,1,2
ACC-10592,Karnataka,Bengaluru Rural,Bengaluru,Old Madras Road NH-75,KR Puram Hanging Bridge to Avalahalli,13.00754,77.74496,2022,8,1,23,National Highway,Dangerous Junction Geometry,Bus,Motorized Passenger,Clear,Damaged / Potholes,Streetlights Operational,Low,1,1,1
ACC-10593,Karnataka,Bengaluru Rural,Bengaluru,Old Madras Road NH-75,KR Puram Hanging Bridge to Avalahalli,13.00053,77.74367,2022,3,7,2,National Highway,Poor Lighting,Heavy Truck,Commercial Goods,Clear,Under Construction,Poor / Intermittent,Medium,1,1,0
ACC-10594,Karnataka,Bengaluru Rural,Bengaluru,Old Madras Road NH-75,KR Puram Hanging Bridge to Avalahalli,13.01529,77.75538,2022,8,16,4,National Highway,Pedestrian Crossing Hazard,Two-Wheeler,Vulnerable Road User (VRU),Clear,Dry / Smooth,Unlit / Pitch Black,Medium,1,1,2
ACC-10595,Karnataka,Bengaluru Rural,Bengaluru,Old Madras Road NH-75,KR Puram Hanging Bridge to Avalahalli,13.01014,77.74925,2024,8,25,18,National Highway,Potholes / Road Surface Defect,Heavy Truck,Commercial Goods,Clear,Damaged / Potholes,Streetlights Operational,Low,1,0,3
ACC-10596,Karnataka,Bengaluru Rural,Bengaluru,Old Madras Road NH-75,KR Puram Hanging Bridge to Avalahalli,13.01472,77.75522,2021,6,28,1,National Highway,Pedestrian Crossing Hazard,Bus,Motorized Passenger,Rain,Wet / Slippery,Streetlights Operational,Medium,1,1,1
ACC-10597,Karnataka,Bengaluru Rural,Bengaluru,Old Madras Road NH-75,KR Puram Hanging Bridge to Avalahalli,13.01242,77.74841,2022,6,15,22,National Highway,Dangerous Junction Geometry,Bus,Motorized Passenger,Rain,Wet / Slippery,Streetlights Operational,Low,1,1,0
ACC-10598,Karnataka,Bengaluru Rural,Bengaluru,Old Madras Road NH-75,KR Puram Hanging Bridge to Avalahalli,13.01342,77.75722,2024,4,20,23,National Highway,Pedestrian Crossing Hazard,Heavy Truck,Commercial Goods,Rain,Dry / Smooth,Poor / Intermittent,Low,1,0,2
ACC-10599,Karnataka,Bengaluru Rural,Bengaluru,Old Madras Road NH-75,KR Puram Hanging Bridge to Avalahalli,13.00289,77.75525,2021,3,16,7,National Highway,Dangerous Junction Geometry,Pedestrian,Vulnerable Road User (VRU),Clear,Under Construction,Daylight,Congested,1,0,1
ACC-10600,Karnataka,Bengaluru Rural,Bengaluru,Old Madras Road NH-75,KR Puram Hanging Bridge to Avalahalli,13.01472,77.75393,2021,2,14,3,National Highway,Poor Lighting,Heavy Truck,Commercial Goods,Rain,Wet / Slippery,Poor / Intermittent,Medium,1,0,2
ACC-10601,Karnataka,Bengaluru Rural,Bengaluru,Old Madras Road NH-75,KR Puram Hanging Bridge to Avalahalli,13.00561,77.75347,2022,9,21,4,National Highway,Potholes / Road Surface Defect,Pedestrian,Vulnerable Road User (VRU),Clear,Damaged / Potholes,Streetlights Operational,Low,1,1,2
ACC-10602,Karnataka,Bengaluru Rural,Bengaluru,Old Madras Road NH-75,KR Puram Hanging Bridge to Avalahalli,13.00538,77.75685,2024,4,8,8,National Highway,Pedestrian Crossing Hazard,Two-Wheeler,Vulnerable Road User (VRU),Clear,Dry / Smooth,Daylight,Medium,1,0,0
ACC-10603,Karnataka,Bengaluru Rural,Bengaluru,Old Madras Road NH-75,KR Puram Hanging Bridge to Avalahalli,13.00152,77.75382,2024,10,24,0,National Highway,Poor Lighting,Bus,Motorized Passenger,Rain,Wet / Slippery,Poor / Intermittent,Low,1,0,3
ACC-10604,Karnataka,Bengaluru Rural,Bengaluru,Old Madras Road NH-75,KR Puram Hanging Bridge to Avalahalli,13.00912,77.74553,2022,2,13,19,National Highway,Potholes / Road Surface Defect,Pedestrian,Vulnerable Road User (VRU),Clear,Damaged / Potholes,Streetlights Operational,Medium,1,0,1
ACC-10605,Karnataka,Bengaluru Rural,Bengaluru,Old Madras Road NH-75,KR Puram Hanging Bridge to Avalahalli,13.01246,77.74564,2021,10,11,23,National Highway,Pedestrian Crossing Hazard,Heavy Truck,Commercial Goods,Clear,Under Construction,Streetlights Operational,Congested,1,3,0
ACC-10606,Karnataka,Bengaluru Rural,Bengaluru,Old Madras Road NH-75,KR Puram Hanging Bridge to Avalahalli,13.01308,77.75906,2022,12,26,23,National Highway,Pedestrian Crossing Hazard,Pedestrian,Vulnerable Road User (VRU),Fog/Mist,Under Construction,Streetlights Operational,Low,1,0,2
ACC-10607,Karnataka,Bengaluru Rural,Bengaluru,Old Madras Road NH-75,KR Puram Hanging Bridge to Avalahalli,13.01072,77.75197,2024,6,14,8,National Highway,Dangerous Junction Geometry,Bus,Motorized Passenger,Rain,Wet / Slippery,Daylight,Low,1,0,3
ACC-10608,Karnataka,Bengaluru Rural,Bengaluru,Old Madras Road NH-75,KR Puram Hanging Bridge to Avalahalli,13.01386,77.74656,2021,3,11,12,National Highway,Pedestrian Crossing Hazard,Heavy Truck,Commercial Goods,Clear,Under Construction,Daylight,Medium,1,0,1
ACC-10609,Karnataka,Bengaluru Rural,Bengaluru,Old Madras Road NH-75,KR Puram Hanging Bridge to Avalahalli,13.00034,77.75888,2022,12,21,23,National Highway,Pedestrian Crossing Hazard,Pedestrian,Vulnerable Road User (VRU),Fog/Mist,Damaged / Potholes,Poor / Intermittent,High,1,3,0