id,state,district,city,road_name,road_segment,latitude,longitude,year,month,day,hour,road_category,cause,vehicle_type,road_user_type,weather,road_condition,lighting_condition,traffic_level,accidents,fatalities,injuries
ACC-10610,Karnataka,Bengaluru Rural,Bengaluru,Old Madras Road NH-75,KR Puram Hanging Bridge to Avalahalli,13.00904,77.74596,2023,10,14,13,National Highway,Dangerous Junction Geometry,Pedestrian,Vulnerable Road User (VRU),Clear,Dry / Smooth,Daylight,Medium,1,0,1
ACC-10611,Tamil Nadu,Coimbatore,Coimbatore,Avinashi Road Corridor,Peelamedu PSG College to SITRA Junction,11.03366,77.03864,2024,12,26,4,Urban Arterial,Poor Lighting,Bus,Motorized Passenger,Fog/Mist,Under Construction,Poor / Intermittent,Low,1,1,0
ACC-10612,Tamil Nadu,Coimbatore,Coimbatore,Avinashi Road Corridor,Peelamedu PSG College to SITRA Junction,11.02817,77.0261,2022,1,19,21,Urban Arterial,Poor Lighting,Car,Motorized Passenger,Rain,Damaged / Potholes,Unlit / Pitch Black,Congested,1,0,2
ACC-10613,Tamil Nadu,Coimbatore,Coimbatore,Avinashi Road Corridor,Peelamedu PSG College to SITRA Junction,11.0365,77.03453,2023,2,23,15,Urban Arterial,Overspeeding,Bus,Motorized Passenger,Rain,Dry / Smooth,Daylight,Congested,1,2,1
ACC-10614,Tamil Nadu,Coimbatore,Coimbatore,Avinashi Road Corridor,Peelamedu PSG College to SITRA Junction,11.02481,77.02821,2022,11,4,21,Urban Arterial,Overspeeding,Two-Wheeler,Vulnerable Road User (VRU),Rain,Wet / Slippery,Streetlights Operational,High,1,1,2
ACC-10615,Tamil Nadu,Coimbatore,Coimbatore,Avinashi Road Corridor,Peelamedu PSG College to SITRA Junction,11.02809,77.03265,2021,2,4,9,Urban Arterial,Overspeeding,Bus,Motorized Passenger,Clear,Dry / Smooth,Daylight,Low,1,2,3
ACC-10616,Tamil Nadu,Coimbatore,Coimbatore,Avinashi Road Corridor,Peelamedu PSG College to SITRA Junction,11.02684,77.02625,2022,10,16,11,Urban Arterial,Pedestrian Crossing Hazard,Pedestrian,Vulnerable Road User (VRU),Clear,Dry / Smooth,Daylight,Medium,1,1,2
ACC-10617,Tamil Nadu,Coimbatore,Coimbatore,Avinashi Road Corridor,Peelamedu PSG College to SITRA Junction,11.0307,77.03922,2022,10,12,23,Urban Arterial,Poor Lighting,Two-Wheeler,Vulnerable Road User (VRU),Rain,Wet / Slippery,Poor / Intermittent,Congested,1,0,0
ACC-10618,Tamil Nadu,Coimbatore,Coimbatore,Avinashi Road Corridor,Peelamedu PSG College to SITRA Junction,11.036,77.03016,2024,12,5,1,Urban Arterial,Pedestrian Crossing Hazard,Pedestrian,Vulnerable Road User (VRU),Fog/Mist,Damaged / Potholes,Streetlights Operational,Congested,1,0,1
ACC-10619,Tamil Nadu,Coimbatore,Coimbatore,Avinashi Road Corridor,Peelamedu PSG College to SITRA Junction,11.03617,77.02848,2022,2,9,1,Urban Arterial,Poor Lighting,Two-Wheeler,Vulnerable Road User (VRU),Clear,Dry / Smooth,Poor / Intermittent,Low,1,0,0
ACC-10620,Tamil Nadu,Coimbatore,Coimbatore,Avinashi Road Corridor,Peelamedu PSG College to SITRA Junction,11.03222,77.03382,2021,7,8,1,Urban Arterial,Dangerous Junction Geometry,Pedestrian,Vulnerable Road User (VRU),Clear,Under Construction,Streetlights Operational,Low,1,0,2
ACC-10621,Tamil Nadu,Coimbatore,Coimbatore,Avinashi Road Corridor,Peelamedu PSG College to SITRA Junction,11.03481,77.03462,2021,3,11,9,Urban Arterial,Overspeeding,Car,Motorized Passenger,Rain,Under Construction,Daylight,Medium,1,0,2
ACC-10622,Tamil Nadu,Coimbatore,Coimbatore,Avinashi Road Corridor,Peelamedu PSG College to SITRA Junction,11.03144,77.02851,2022,7,19,3,Urban Arterial,Pedestrian Crossing Hazard,Pedestrian,Vulnerable Road User (VRU),Rain,Wet / Slippery,Streetlights Operational,Congested,1,3,2
ACC-10623,Tamil Nadu,Coimbatore,Coimbatore,Avinashi Road Corridor,Peelamedu PSG College to SITRA Junction,11.03355,77.02533,2024,9,23,16,Urban Arterial,Overspeeding,Car,Motorized Passenger,Clear,Dry / Smooth,Daylight,Congested,1,0,2
ACC-10624,Tamil Nadu,Coimbatore,Coimbatore,Avinashi Road Corridor,Peelamedu PSG College to SITRA Junction,11.03937,77.03831,2022,2,6,1,Urban Arterial,Pedestrian Crossing Hazard,Bus,Motorized Passenger,Rain,Dry / Smooth,Streetlights Operational,Medium,1,0,1
ACC-10625,Tamil Nadu,Coimbatore,Coimbatore,Avinashi Road Corridor,Peelamedu PSG College to SITRA Junction,11.03751,77.03248,2021,7,1,23,Urban Arterial,Dangerous Junction Geometry,Bus,Motorized Passenger,Clear,Damaged / Potholes,Streetlights Operational,Congested,1,0,2
ACC-10626,Tamil Nadu,Coimbatore,Coimbatore,Avinashi Road Corridor,Peelamedu PSG College to SITRA Junction,11.03671,77.03771,2022,3,3,2,Urban Arterial,Pedestrian Crossing Hazard,Two-Wheeler,Vulnerable Road User (VRU),Clear,Damaged / Potholes,Poor / Intermittent,High,1,0,2
ACC-10627,Tamil Nadu,Coimbatore,Coimbatore,Avinashi Road Corridor,Peelamedu PSG College to SITRA Junction,11.03165,77.03839,2021,5,10,8,Urban Arterial,Overspeeding,Two-Wheeler,Vulnerable Road User (VRU),Clear,Under Construction,Daylight,Low,1,0,3
ACC-10628,Tamil Nadu,Coimbatore,Coimbatore,Avinashi Road Corridor,Peelamedu PSG College to SITRA Junction,11.03764,77.02708,2024,10,28,9,Urban Arterial,Dangerous Junction Geometry,Bus,Motorized Passenger,Rain,Wet / Slippery,Daylight,Low,1,0,0
ACC-10629,Tamil Nadu,Coimbatore,Coimbatore,Avinashi Road Corridor,Peelamedu PSG College to SITRA Junction,11.03093,77.03009,2023,1,4,7,Urban Arterial,Dangerous Junction Geometry,Pedestrian,Vulnerable Road User (VRU),Clear,Under Construction,Daylight,Congested,1,1,1
ACC-10630,Tamil Nadu,Coimbatore,Coimbatore,Avinashi Road Corridor,Peelamedu PSG College to SITRA Junction,11.02915,77.03803,2023,7,6,8,Urban Arterial,Dangerous Junction Geometry,Bus,Motorized Passenger,Clear,Under Construction,Daylight,Medium,1,0,1
ACC-10631,Tamil Nadu,Coimbatore,Coimbatore,Avinashi Road Corridor,Peelamedu PSG College to SITRA Junction,11.03913,77.026,2022,2,7,2,Urban Arterial,Poor Lighting,Bus,Motorized Passenger,Clear,Dry / Smooth,Poor / Intermittent,Medium,1,0,3
ACC-10632,Tamil Nadu,Coimbatore,Coimbatore,Avinashi Road Corridor,Peelamedu PSG College to SITRA Junction,11.02589,77.0321,2024,9,16,14,Urban Arterial,Overspeeding,Car,Motorized Passenger,Rain,Under Construction,Daylight,Medium,1,1,0
ACC-10633,Tamil Nadu,Coimbatore,Coimbatore,Avinashi Road Corridor,Peelamedu PSG College to SITRA Junction,11.02736,77.02654,2022,1,22,9,Urban Arterial,Dangerous Junction Geometry,Bus,Motorized Passenger,Clear,Under Construction,Daylight,Low,1,0,2
ACC-10634,Tamil Nadu,Coimbatore,Coimbatore,Avinashi Road Corridor,Peelamedu PSG College to SITRA Junction,11.03462,77.03214,2022,4,9,16,Urban Arterial,Pedestrian Crossing Hazard,Pedestrian,Vulnerable Road User (VRU),Clear,Under Construction,Daylight,Congested,1,0,2
ACC-10635,Tamil Nadu,Coimbatore,Coimbatore,Avinashi Road Corridor,Peelamedu PSG College to SITRA Junction,11.03326,77.02555,2022,4,28,22,Urban Arterial,Overspeeding,Pedestrian,Vulnerable Road User (VRU),Clear,Dry / Smooth,Poor / Intermittent,Medium,1,0,1
ACC-10636,Tamil Nadu,Coimbatore,Coimbatore,Avinashi Road Corridor,Peelamedu PSG College to SITRA Junction,11.02771,77.02859,2021,7,14,23,Urban Arterial,Overspeeding,Pedestrian,Vulnerable Road User (VRU),Rain,Wet / Slippery,Poor / Intermittent,Congested,1,0,1
ACC-10637,Tamil Nadu,Coimbatore,Coimbatore,Avinashi Road Corridor,Peelamedu PSG College to SITRA Junction,11.02501,77.02706,2023,12,14,0,Urban Arterial,Overspeeding,Two-Wheeler,Vulnerable Road User (VRU),Fog/Mist,Damaged / Potholes,Poor / Intermittent,Low,1,0,3
ACC-10638,Tamil Nadu,Coimbatore,Coimbatore,Avinashi Road Corridor,Peelamedu PSG College to SITRA Junction,11.02954,77.0383,2024,6,11,1,Urban Arterial,Dangerous Junction Geometry,Pedestrian,Vulnerable Road User (VRU),Rain,Wet / Slippery,Poor / Intermittent,Medium,1,0,1
ACC-10639,Tamil Nadu,Coimbatore,Coimbatore,Avinashi Road Corridor,Peelamedu PSG College to SITRA Junction,11.02822,77.03169,2022,11,24,0,Urban Arterial,Overspeeding,Pedestrian,Vulnerable Road User (VRU),Fog/Mist,Dry / Smooth,Streetlights Operational,High,1,0,1
ACC-10640,Tamil Nadu,Coimbatore,Coimbatore,Avinashi Road Corridor,Peelamedu PSG College to SITRA Junction,11.03488,77.03867,2022,9,24,2,Urban Arterial,Overspeeding,Bus,Motorized Passenger,Rain,Wet / Slippery,Streetlights Operational,Low,1,0,1
ACC-10641,Tamil Nadu,Coimbatore,Coimbatore,Avinashi Road Corridor,Peelamedu PSG College to SITRA Junction,11.03896,77.02714,2021,8,14,20,Urban Arterial,Dangerous Junction Geometry,Pedestrian,Vulnerable Road User (VRU),Clear,Damaged / Potholes,Streetlights Operational,High,1,0,0
ACC-10642,Tamil Nadu,Coimbatore,Coimbatore,Avinashi Road Corridor,Peelamedu PSG College to SITRA Junction,11.03255,77.03357,2024,8,22,20,Urban Arterial,Dangerous Junction Geometry,Pedestrian,Vulnerable Road User (VRU),Rain,Under Construction,Poor / Intermittent,Low,1,0,0
ACC-10643,Uttar Pradesh,Kannauj,Kannauj,Lucknow-Agra Expressway,Kannauj Interchange km 170-176,26.97783,79.90821,2021,9,15,23,Expressway,Adverse Weather / Fog,Heavy Truck,Commercial Goods,Rain,Wet / Slippery,Streetlights Operational,Low,1,0,0
ACC-10644,Uttar Pradesh,Kannauj,Kannauj,Lucknow-Agra Expressway,Kannauj Interchange km 170-176,26.98266,79.91408,2021,11,5,7,Expressway,Overspeeding,Heavy Truck,Commercial Goods,Clear,Dry / Smooth,Daylight,Medium,1,0,0
ACC-10645,Uttar Pradesh,Kannauj,Kannauj,Lucknow-Agra Expressway,Kannauj Interchange km 170-176,26.99015,79.91758,2023,6,3,17,Expressway,Adverse Weather / Fog,Bus,Motorized Passenger,Rain,Wet / Slippery,Daylight,Low,1,0,0
ACC-10646,Uttar Pradesh,Kannauj,Kannauj,Lucknow-Agra Expressway,Kannauj Interchange km 170-176,26.98591,79.91747,2022,12,9,0,Expressway,Driver Drowsiness,Bus,Motorized Passenger,Fog/Mist,Under Construction,Streetlights Operational,Low,1,0,1
ACC-10647,Uttar Pradesh,Kannauj,Kannauj,Lucknow-Agra Expressway,Kannauj Interchange km 170-176,26.9909,79.90742,2022,6,9,22,Expressway,Tire Burst / Mechanical,Car,Motorized Passenger,Rain,Wet / Slippery,Poor / Intermittent,Congested,1,1,0
ACC-10648,Uttar Pradesh,Kannauj,Kannauj,Lucknow-Agra Expressway,Kannauj Interchange km 170-176,26.99165,79.91993,2024,12,6,0,Expressway,Adverse Weather / Fog,Car,Motorized Passenger,Fog/Mist,Under Construction,Streetlights Operational,Medium,1,1,1
ACC-10649,Uttar Pradesh,Kannauj,Kannauj,Lucknow-Agra Expressway,Kannauj Interchange km 170-176,26.99212,79.91399,2021,12,17,0,Expressway,Driver Drowsiness,Heavy Truck,Commercial Goods,Fog/Mist,Dry / Smooth,Unlit / Pitch Black,High,1,1,1
ACC-10650,Uttar Pradesh,Kannauj,Kannauj,Lucknow-Agra Expressway,Kannauj Interchange km 170-176,26.98476,79.9083,2021,2,18,8,Expressway,Driver Drowsiness,Car,Motorized Passenger,Rain,Damaged / Potholes,Daylight,Congested,1,0,1
ACC-10651,Uttar Pradesh,Kannauj,Kannauj,Lucknow-Agra Expressway,Kannauj Interchange km 170-176,26.98393,79.90676,2023,11,18,0,Expressway,Driver Drowsiness,Bus,Motorized Passenger,Fog/Mist,Damaged / Potholes,Poor / Intermittent,High,1,0,0
ACC-10652,Uttar Pradesh,Kannauj,Kannauj,Lucknow-Agra Expressway,Kannauj Interchange km 170-176,26.99187,79.91912,2023,4,22,23,Expressway,Driver Drowsiness,Heavy Truck,Commercial Goods,Clear,Damaged / Potholes,Unlit / Pitch Black,Low,1,1,0
ACC-10653,Uttar Pradesh,Kannauj,Kannauj,Lucknow-Agra Expressway,Kannauj Interchange km 170-176,26.99176,79.91499,2021,10,5,20,Expressway,Adverse Weather / Fog,Bus,Motorized Passenger,Clear,Damaged / Potholes,Poor / Intermittent,Low,1,0,0
ACC-10654,Uttar Pradesh,Kannauj,Kannauj,Lucknow-Agra Expressway,Kannauj Interchange km 170-176,26.98475,79.90548,2023,12,26,0,Expressway,Overspeeding,Bus,Motorized Passenger,Fog/Mist,Under Construction,Unlit / Pitch Black,Congested,1,0,2
ACC-10655,Uttar Pradesh,Kannauj,Kannauj,Lucknow-Agra Expressway,Kannauj Interchange km 170-176,26.99267,79.91403,2024,12,9,9,Expressway,Overspeeding,Car,Motorized Passenger,Clear,Under Construction,Daylight,Low,1,0,1
ACC-10656,Uttar Pradesh,Kannauj,Kannauj,Lucknow-Agra Expressway,Kannauj Interchange km 170-176,26.98325,79.9137,2023,3,26,17,Expressway,Overspeeding,Heavy Truck,Commercial Goods,Rain,Under Construction,Daylight,Congested,1,0,2
ACC-10657,Uttar Pradesh,Kannauj,Kannauj,Lucknow-Agra Expressway,Kannauj Interchange km 170-176,26.98603,79.91972,2024,9,19,15,Expressway,Overspeeding,Bus,Motorized Passenger,Rain,Wet / Slippery,Daylight,Low,1,3,0
ACC-10658,Uttar Pradesh,Kannauj,Kannauj,Lucknow-Agra Expressway,Kannauj Interchange km 170-176,26.9793,79.91979,2021,1,12,2,Expressway,Adverse Weather / Fog,Heavy Truck,Commercial Goods,Fog/Mist,Damaged / Potholes,Poor / Intermittent,Medium,1,0,0
ACC-10659,Uttar Pradesh,Kannauj,Kannauj,Lucknow-Agra Expressway,Kannauj Interchange km 170-176,26.97833,79.91351,2022,7,24,18,Expressway,Adverse Weather / Fog,Car,Motorized Passenger,Rain,Dry / Smooth,Streetlights Operational,Medium,1,1,0
ACC-10660,Uttar Pradesh,Kannauj,Kannauj,Lucknow-Agra Expressway,Kannauj Interchange km 170-176,26.98822,79.90899,2024,3,25,23,Expressway,Overspeeding,Bus,Motorized Passenger,Rain,Wet / Slippery,Streetlights Operational,Congested,1,1,2
ACC-10661,Uttar Pradesh,Kannauj,Kannauj,Lucknow-Agra Expressway,Kannauj Interchange km 170-176,26.98845,79.91118,2022,1,21,2,Expressway,Overspeeding,Car,Motorized Passenger,Fog/Mist,Under Construction,Poor / Intermittent,Low,1,0,1
ACC-10662,Uttar Pradesh,Kannauj,Kannauj,Lucknow-Agra Expressway,Kannauj Interchange km 170-176,26.98678,79.90564,2022,5,3,2,Expressway,Overspeeding,Heavy Truck,Commercial Goods,Rain,Damaged / Potholes,Streetlights Operational,Medium,1,0,4
ACC-10663,Uttar Pradesh,Kannauj,Kannauj,Lucknow-Agra Expressway,Kannauj Interchange km 170-176,26.97883,79.90564,2024,8,11,9,Expressway,Tire Burst / Mechanical,Car,Motorized Passenger,Rain,Wet / Slippery,Daylight,Low,1,0,0
ACC-10664,Uttar Pradesh,Kannauj,Kannauj,Lucknow-Agra Expressway,Kannauj Interchange km 170-176,26.97762,79.90871,2023,1,8,20,Expressway,Driver Drowsiness,Car,Motorized Passenger,Rain,Wet / Slippery,Unlit / Pitch Black,Medium,1,0,1
ACC-10665,Uttar Pradesh,Kannauj,Kannauj,Lucknow-Agra Expressway,Kannauj Interchange km 170-176,26.98213,79.91065,2021,10,26,0,Expressway,Adverse Weather / Fog,Car,Motorized Passenger,Clear,Dry / Smooth,Streetlights Operational,Low,1,0,1
ACC-10666,Uttar Pradesh,Kannauj,Kannauj,Lucknow-Agra Expressway,Kannauj Interchange km 170-176,26.98648,79.91803,2023,3,23,8,Expressway,Tire Burst / Mechanical,Bus,Motorized Passenger,Clear,Dry / Smooth,Daylight,High,1,0,1
ACC-10667,Uttar Pradesh,Kannauj,Kannauj,Lucknow-Agra Expressway,Kannauj Interchange km 170-176,26.98175,79.91438,2023,3,5,4,Expressway,Driver Drowsiness,Bus,Motorized Passenger,Clear,Damaged / Potholes,Unlit / Pitch Black,Low,1,0,0
ACC-10668,Uttar Pradesh,Kannauj,Kannauj,Lucknow-Agra Expressway,Kannauj Interchange km 170-176,26.98205,79.91828,2024,1,23,9,Expressway,Overspeeding,Car,Motorized Passenger,Clear,Dry / Smooth,Daylight,Congested,1,1,2
ACC-10669,Uttar Pradesh,Kannauj,Kannauj,Lucknow-Agra Expressway,Kannauj Interchange km 170-176,26.98467,79.9085,2021,8,4,2,Expressway,Adverse Weather / Fog,Car,Motorized Passenger,Rain,Wet / Slippery,Poor / Intermittent,High,1,1,1
ACC-10670,Uttar Pradesh,Kannauj,Kannauj,Lucknow-Agra Expressway,Kannauj Interchange km 170-176,26.99177,79.90646,2024,11,5,12,Expressway,Tire Burst / Mechanical,Car,Motorized Passenger,Rain,Wet / Slippery,Daylight,Low,1,0,2
ACC-10671,Uttar Pradesh,Kannauj,Kannauj,Lucknow-Agra Expressway,Kannauj Interchange km 170-176,26.98896,79.90832,2023,9,28,9,Expressway,Adverse Weather / Fog,Car,Motorized Passenger,Clear,Under Construction,Daylight,High,1,0,1
ACC-10672,Uttar Pradesh,Kannauj,Kannauj,Lucknow-Agra Expressway,Kannauj Interchange km 170-176,26.9846,79.91296,2021,3,28,18,Expressway,Overspeeding,Bus,Motorized Passenger,Rain,Damaged / Potholes,Unlit / Pitch Black,Congested,1,0,1
ACC-10673,Uttar Pradesh,Kannauj,Kannauj,Lucknow-Agra Expressway,Kannauj Interchange km 170-176,26.98834,79.91202,2024,2,3,1,Expressway,Tire Burst / Mechanical,Heavy Truck,Commercial Goods,Clear,Dry / Smooth,Poor / Intermittent,Low,1,0,1
ACC-10674,Uttar Pradesh,Kannauj,Kannauj,Lucknow-Agra Expressway,Kannauj Interchange km 170-176,26.98051,79.90778,2023,8,2,19,Expressway,Overspeeding,Bus,Motorized Passenger,Clear,Under Construction,Unlit / Pitch Black,Low,1,0,4
ACC-10675,Uttar Pradesh,Kannauj,Kannauj,Lucknow-Agra Expressway,Kannauj Interchange km 170-176,26.9855,79.91511,2021,11,14,22,Expressway,Overspeeding,Car,Motorized Passenger,Fog/Mist,Under Construction,Poor / Intermittent,High,1,1,2
ACC-10676,Uttar Pradesh,Kannauj,Kannauj,Lucknow-Agra Expressway,Kannauj Interchange km 170-176,26.99255,79.91139,2023,3,27,18,Expressway,Adverse Weather / Fog,Heavy Truck,Commercial Goods,Rain,Under Construction,Poor / Intermittent,Congested,1,0,2
ACC-10677,Uttar Pradesh,Kannauj,Kannauj,Lucknow-Agra Expressway,Kannauj Interchange km 170-176,26.98509,79.90946,2024,1,18,12,Expressway,Overspeeding,Car,Motorized Passenger,Clear,Damaged / Potholes,Daylight,Low,1,2,3
ACC-10678,Uttar Pradesh,Kannauj,Kannauj,Lucknow-Agra Expressway,Kannauj Interchange km 170-176,26.98584,79.90706,2024,5,17,10,Expressway,Overspeeding,Bus,Motorized Passenger,Clear,Under Construction,Daylight,High,1,3,1
ACC-10679,Uttar Pradesh,Kannauj,Kannauj,Lucknow-Agra Expressway,Kannauj Interchange km 170-176,26.9902,79.9064,2024,4,12,7,Expressway,Driver Drowsiness,Heavy Truck,Commercial Goods,Rain,Wet / Slippery,Daylight,High,1,0,1
ACC-10680,Uttar Pradesh,Kannauj,Kannauj,Lucknow-Agra Expressway,Kannauj Interchange km 170-176,26.98307,79.91324,2024,11,15,9,Expressway,Adverse Weather / Fog,Bus,Motorized Passenger,Clear,Under Construction,Daylight,High,1,0,1
ACC-10681,Uttar Pradesh,Kannauj,Kannauj,Lucknow-Agra Expressway,Kannauj Interchange km 170-176,26.98504,79.91643,2022,9,14,22,Expressway,Tire Burst / Mechanical,Bus,Motorized Passenger,Clear,Dry / Smooth,Unlit / Pitch Black,High,1,0,1
ACC-10682,Uttar Pradesh,Kannauj,Kannauj,Lucknow-Agra Expressway,Kannauj Interchange km 170-176,26.99258,79.91902,2021,11,15,0,Expressway,Adverse Weather / Fog,Heavy Truck,Commercial Goods,Fog/Mist,Under Construction,Poor / Intermittent,High,1,1,0
ACC-10683,Uttar Pradesh,Kannauj,Kannauj,Lucknow-Agra Expressway,Kannauj Interchange km 170-176,26.99052,79.91712,2024,11,23,9,Expressway,Driver Drowsiness,Heavy Truck,Commercial Goods,Clear,Damaged / Potholes,Daylight,Low,1,0,1
ACC-10684,Uttar Pradesh,Kannauj,Kannauj,Lucknow-Agra Expressway,Kannauj Interchange km 170-176,26.98599,79.91066,2024,11,8,18,Expressway,Driver Drowsiness,Car,Motorized Passenger,Rain,Wet / Slippery,Poor / Intermittent,Low,1,1,1
ACC-10685,Haryana,Gurugram,Gurugram,Mehrauli-Gurgaon (MG) Road,IFFCO Chowk Metro to Sikanderpur Underpass,28.47479,77.08632,2024,1,26,9,Urban Arterial,Pedestrian Crossing Hazard,Auto-Rickshaw,Vulnerable Road User (VRU),Rain,Damaged / Potholes,Daylight,Low,1,0,1
ACC-10686,Haryana,Gurugram,Gurugram,Mehrauli-Gurgaon (MG) Road,IFFCO Chowk Metro to Sikanderpur Underpass,28.48552,77.07595,2021,11,19,16,Urban Arterial,Overspeeding,Pedestrian,Vulnerable Road User (VRU),Rain,Wet / Slippery,Daylight,Medium,1,1,0
ACC-10687,Haryana,Gurugram,Gurugram,Mehrauli-Gurgaon (MG) Road,IFFCO Chowk Metro to Sikanderpur Underpass,28.48177,77.07742,2021,10,13,23,Urban Arterial,Pedestrian Crossing Hazard,Auto-Rickshaw,Vulnerable Road User (VRU),Rain,Wet / Slippery,Streetlights Operational,Medium,1,2,1
ACC-10688,Haryana,Gurugram,Gurugram,Mehrauli-Gurgaon (MG) Road,IFFCO Chowk Metro to Sikanderpur Underpass,28.47547,77.07769,2024,5,22,1,Urban Arterial,Pedestrian Crossing Hazard,Car,Motorized Passenger,Clear,Dry / Smooth,Streetlights Operational,Congested,1,0,0
ACC-10689,Haryana,Gurugram,Gurugram,Mehrauli-Gurgaon (MG) Road,IFFCO Chowk Metro to Sikanderpur Underpass,28.48321,77.07686,2022,2,3,9,Urban Arterial,Pedestrian Crossing Hazard,Auto-Rickshaw,Vulnerable Road User (VRU),Rain,Dry / Smooth,Daylight,High,1,0,1
ACC-10690,Haryana,Gurugram,Gurugram,Mehrauli-Gurgaon (MG) Road,IFFCO Chowk Metro to Sikanderpur Underpass,28.48302,77.08224,2024,7,11,19,Urban Arterial,Pedestrian Crossing Hazard,Pedestrian,Vulnerable Road User (VRU),Clear,Dry / Smooth,Unlit / Pitch Black,Low,1,0,1
ACC-10691,Haryana,Gurugram,Gurugram,Mehrauli-Gurgaon (MG) Road,IFFCO Chowk Metro to Sikanderpur Underpass,28.47672,77.08514,2022,9,24,1,Urban Arterial,Pedestrian Crossing Hazard,Car,Motorized Passenger,Clear,Damaged / Potholes,Streetlights Operational,Low,1,1,1
ACC-10692,Haryana,Gurugram,Gurugram,Mehrauli-Gurgaon (MG) Road,IFFCO Chowk Metro to Sikanderpur Underpass,28.47637,77.08704,2022,5,9,1,Urban Arterial,Overspeeding,Two-Wheeler,Vulnerable Road User (VRU),Rain,Under Construction,Streetlights Operational,Congested,1,0,1
ACC-10693,Haryana,Gurugram,Gurugram,Mehrauli-Gurgaon (MG) Road,IFFCO Chowk Metro to Sikanderpur Underpass,28.48317,77.08322,2023,7,4,21,Urban Arterial,Overspeeding,Pedestrian,Vulnerable Road User (VRU),Rain,Under Construction,Streetlights Operational,Congested,1,1,2
ACC-10694,Haryana,Gurugram,Gurugram,Mehrauli-Gurgaon (MG) Road,IFFCO Chowk Metro to Sikanderpur Underpass,28.48864,77.07914,2024,4,19,22,Urban Arterial,Drunk Driving,Auto-Rickshaw,Vulnerable Road User (VRU),Rain,Wet / Slippery,Unlit / Pitch Black,Congested,1,2,2
ACC-10695,Haryana,Gurugram,Gurugram,Mehrauli-Gurgaon (MG) Road,IFFCO Chowk Metro to Sikanderpur Underpass,28.48567,77.07546,2021,2,6,9,Urban Arterial,Pedestrian Crossing Hazard,Two-Wheeler,Vulnerable Road User (VRU),Clear,Damaged / Potholes,Daylight,Medium,1,0,1
ACC-10696,Haryana,Gurugram,Gurugram,Mehrauli-Gurgaon (MG) Road,IFFCO Chowk Metro to Sikanderpur Underpass,28.48164,77.07515,2023,12,1,6,Urban Arterial,Poor Lighting,Two-Wheeler,Vulnerable Road User (VRU),Fog/Mist,Damaged / Potholes,Daylight,High,1,0,1
ACC-10697,Haryana,Gurugram,Gurugram,Mehrauli-Gurgaon (MG) Road,IFFCO Chowk Metro to Sikanderpur Underpass,28.47395,77.07789,2023,12,20,15,Urban Arterial,Drunk Driving,Auto-Rickshaw,Vulnerable Road User (VRU),Clear,Under Construction,Daylight,Low,1,1,1
ACC-10698,Haryana,Gurugram,Gurugram,Mehrauli-Gurgaon (MG) Road,IFFCO Chowk Metro to Sikanderpur Underpass,28.48901,77.08809,2021,2,15,9,Urban Arterial,Poor Lighting,Pedestrian,Vulnerable Road User (VRU),Clear,Dry / Smooth,Daylight,High,1,0,2
ACC-10699,Haryana,Gurugram,Gurugram,Mehrauli-Gurgaon (MG) Road,IFFCO Chowk Metro to Sikanderpur Underpass,28.47802,77.07858,2023,3,27,3,Urban Arterial,Drunk Driving,Two-Wheeler,Vulnerable Road User (VRU),Rain,Dry / Smooth,Streetlights Operational,High,1,0,1
ACC-10700,Haryana,Gurugram,Gurugram,Mehrauli-Gurgaon (MG) Road,IFFCO Chowk Metro to Sikanderpur Underpass,28.48777,77.08699,2023,7,3,9,Urban Arterial,Poor Lighting,Car,Motorized Passenger,Rain,Wet / Slippery,Daylight,Congested,1,0,1
ACC-10701,Haryana,Gurugram,Gurugram,Mehrauli-Gurgaon (MG) Road,IFFCO Chowk Metro to Sikanderpur Underpass,28.4791,77.08795,2021,1,8,0,Urban Arterial,Pedestrian Crossing Hazard,Car,Motorized Passenger,Fog/Mist,Under Construction,Streetlights Operational,Medium,1,1,3