id,state,district,city,road_name,road_segment,latitude,longitude,year,month,day,hour,road_category,cause,vehicle_type,road_user_type,weather,road_condition,lighting_condition,traffic_level,accidents,fatalities,injuries
ACC-10702,Haryana,Gurugram,Gurugram,Mehrauli-Gurgaon (MG) Road,IFFCO Chowk Metro to Sikanderpur Underpass,28.47752,77.07623,2021,12,28,0,Urban Arterial,Drunk Driving,Car,Motorized Passenger,Fog/Mist,Dry / Smooth,Streetlights Operational,Low,1,1,2
ACC-10703,Haryana,Gurugram,Gurugram,Mehrauli-Gurgaon (MG) Road,IFFCO Chowk Metro to Sikanderpur Underpass,28.48882,77.07865,2022,10,15,9,Urban Arterial,Pedestrian Crossing Hazard,Auto-Rickshaw,Vulnerable Road User (VRU),Clear,Under Construction,Daylight,Medium,1,0,2
ACC-10704,Haryana,Gurugram,Gurugram,Mehrauli-Gurgaon (MG) Road,IFFCO Chowk Metro to Sikanderpur Underpass,28.48393,77.08099,2024,4,3,8,Urban Arterial,Drunk Driving,Two-Wheeler,Vulnerable Road User (VRU),Clear,Damaged / Potholes,Daylight,High,1,1,1
ACC-10705,Haryana,Gurugram,Gurugram,Mehrauli-Gurgaon (MG) Road,IFFCO Chowk Metro to Sikanderpur Underpass,28.47902,77.0891,2024,4,16,7,Urban Arterial,Overspeeding,Two-Wheeler,Vulnerable Road User (VRU),Clear,Under Construction,Daylight,High,1,0,1
ACC-10706,Haryana,Gurugram,Gurugram,Mehrauli-Gurgaon (MG) Road,IFFCO Chowk Metro to Sikanderpur Underpass,28.47705,77.08781,2022,7,7,18,Urban Arterial,Pedestrian Crossing Hazard,Two-Wheeler,Vulnerable Road User (VRU),Clear,Dry / Smooth,Streetlights Operational,Congested,1,0,2
ACC-10707,Haryana,Gurugram,Gurugram,Mehrauli-Gurgaon (MG) Road,IFFCO Chowk Metro to Sikanderpur Underpass,28.48124,77.08163,2022,5,1,20,Urban Arterial,Poor Lighting,Two-Wheeler,Vulnerable Road User (VRU),Clear,Dry / Smooth,Poor / Intermittent,Low,1,0,0
ACC-10708,Haryana,Gurugram,Gurugram,Mehrauli-Gurgaon (MG) Road,IFFCO Chowk Metro to Sikanderpur Underpass,28.4815,77.07525,2021,8,9,0,Urban Arterial,Poor Lighting,Auto-Rickshaw,Vulnerable Road User (VRU),Rain,Wet / Slippery,Unlit / Pitch Black,Congested,1,1,2
ACC-10709,Haryana,Gurugram,Gurugram,Mehrauli-Gurgaon (MG) Road,IFFCO Chowk Metro to Sikanderpur Underpass,28.48732,77.08469,2021,11,8,6,Urban Arterial,Drunk Driving,Car,Motorized Passenger,Fog/Mist,Dry / Smooth,Daylight,Low,1,1,1
ACC-10710,Haryana,Gurugram,Gurugram,Mehrauli-Gurgaon (MG) Road,IFFCO Chowk Metro to Sikanderpur Underpass,28.47325,77.07646,2024,7,13,23,Urban Arterial,Overspeeding,Auto-Rickshaw,Vulnerable Road User (VRU),Rain,Wet / Slippery,Unlit / Pitch Black,Low,1,0,1
ACC-10711,Haryana,Gurugram,Gurugram,Mehrauli-Gurgaon (MG) Road,IFFCO Chowk Metro to Sikanderpur Underpass,28.4886,77.08416,2024,12,10,14,Urban Arterial,Pedestrian Crossing Hazard,Pedestrian,Vulnerable Road User (VRU),Rain,Wet / Slippery,Daylight,High,1,1,1
ACC-10712,Haryana,Gurugram,Gurugram,Mehrauli-Gurgaon (MG) Road,IFFCO Chowk Metro to Sikanderpur Underpass,28.47716,77.07525,2024,6,1,8,Urban Arterial,Drunk Driving,Pedestrian,Vulnerable Road User (VRU),Clear,Dry / Smooth,Daylight,Congested,1,0,1
ACC-10713,Haryana,Gurugram,Gurugram,Mehrauli-Gurgaon (MG) Road,IFFCO Chowk Metro to Sikanderpur Underpass,28.48496,77.08934,2021,10,22,16,Urban Arterial,Pedestrian Crossing Hazard,Pedestrian,Vulnerable Road User (VRU),Clear,Damaged / Potholes,Daylight,High,1,1,1
ACC-10714,Haryana,Gurugram,Gurugram,Mehrauli-Gurgaon (MG) Road,IFFCO Chowk Metro to Sikanderpur Underpass,28.47353,77.08916,2023,11,16,19,Urban Arterial,Drunk Driving,Two-Wheeler,Vulnerable Road User (VRU),Clear,Under Construction,Poor / Intermittent,Low,1,0,2
ACC-10715,Haryana,Gurugram,Gurugram,Mehrauli-Gurgaon (MG) Road,IFFCO Chowk Metro to Sikanderpur Underpass,28.48723,77.08436,2022,11,5,0,Urban Arterial,Pedestrian Crossing Hazard,Auto-Rickshaw,Vulnerable Road User (VRU),Fog/Mist,Damaged / Potholes,Unlit / Pitch Black,Congested,1,0,3
ACC-10716,Haryana,Gurugram,Gurugram,Mehrauli-Gurgaon (MG) Road,IFFCO Chowk Metro to Sikanderpur Underpass,28.48655,77.07547,2024,9,6,22,Urban Arterial,Overspeeding,Two-Wheeler,Vulnerable Road User (VRU),Rain,Wet / Slippery,Poor / Intermittent,Low,1,1,2
ACC-10717,Haryana,Gurugram,Gurugram,Mehrauli-Gurgaon (MG) Road,IFFCO Chowk Metro to Sikanderpur Underpass,28.47784,77.08243,2024,10,26,7,Urban Arterial,Drunk Driving,Car,Motorized Passenger,Clear,Under Construction,Daylight,Congested,1,0,1
ACC-10718,Haryana,Gurugram,Gurugram,Mehrauli-Gurgaon (MG) Road,IFFCO Chowk Metro to Sikanderpur Underpass,28.48101,77.07358,2022,5,16,8,Urban Arterial,Drunk Driving,Auto-Rickshaw,Vulnerable Road User (VRU),Clear,Dry / Smooth,Daylight,Low,1,0,0
ACC-10719,Haryana,Gurugram,Gurugram,Mehrauli-Gurgaon (MG) Road,IFFCO Chowk Metro to Sikanderpur Underpass,28.47548,77.08523,2023,11,27,8,Urban Arterial,Pedestrian Crossing Hazard,Two-Wheeler,Vulnerable Road User (VRU),Rain,Wet / Slippery,Daylight,Medium,1,0,2
ACC-10720,Haryana,Gurugram,Gurugram,Mehrauli-Gurgaon (MG) Road,IFFCO Chowk Metro to Sikanderpur Underpass,28.47738,77.07833,2024,10,3,0,Urban Arterial,Poor Lighting,Two-Wheeler,Vulnerable Road User (VRU),Rain,Under Construction,Unlit / Pitch Black,Congested,1,0,0
ACC-10721,Haryana,Gurugram,Gurugram,Mehrauli-Gurgaon (MG) Road,IFFCO Chowk Metro to Sikanderpur Underpass,28.47808,77.07826,2023,3,19,9,Urban Arterial,Pedestrian Crossing Hazard,Pedestrian,Vulnerable Road User (VRU),Rain,Wet / Slippery,Daylight,Medium,1,0,0
ACC-10722,Haryana,Gurugram,Gurugram,Mehrauli-Gurgaon (MG) Road,IFFCO Chowk Metro to Sikanderpur Underpass,28.48058,77.0881,2024,9,6,18,Urban Arterial,Drunk Driving,Pedestrian,Vulnerable Road User (VRU),Rain,Wet / Slippery,Streetlights Operational,Congested,1,1,3
ACC-10723,Haryana,Gurugram,Gurugram,Mehrauli-Gurgaon (MG) Road,IFFCO Chowk Metro to Sikanderpur Underpass,28.48724,77.07436,2021,7,3,12,Urban Arterial,Overspeeding,Pedestrian,Vulnerable Road User (VRU),Rain,Wet / Slippery,Daylight,Medium,1,0,2
ACC-10724,Haryana,Gurugram,Gurugram,Mehrauli-Gurgaon (MG) Road,IFFCO Chowk Metro to Sikanderpur Underpass,28.47854,77.07506,2024,3,13,10,Urban Arterial,Poor Lighting,Car,Motorized Passenger,Clear,Dry / Smooth,Daylight,Low,1,0,1
ACC-10725,Haryana,Gurugram,Gurugram,Mehrauli-Gurgaon (MG) Road,IFFCO Chowk Metro to Sikanderpur Underpass,28.47538,77.08782,2023,10,16,16,Urban Arterial,Drunk Driving,Car,Motorized Passenger,Clear,Dry / Smooth,Daylight,Medium,1,0,3
ACC-10726,Haryana,Gurugram,Gurugram,Mehrauli-Gurgaon (MG) Road,IFFCO Chowk Metro to Sikanderpur Underpass,28.47475,77.07677,2022,5,21,0,Urban Arterial,Poor Lighting,Pedestrian,Vulnerable Road User (VRU),Clear,Dry / Smooth,Unlit / Pitch Black,Medium,1,0,0
ACC-10727,Karnataka,Bengaluru Urban,Bengaluru,Hosur Road Elevated Tollway,Central Silk Board Ramp to Bommanahalli,12.92295,77.62497,2024,1,27,18,Expressway,Overspeeding,Two-Wheeler,Vulnerable Road User (VRU),Clear,Damaged / Potholes,Poor / Intermittent,Low,1,0,2
ACC-10728,Karnataka,Bengaluru Urban,Bengaluru,Hosur Road Elevated Tollway,Central Silk Board Ramp to Bommanahalli,12.91709,77.62578,2024,3,21,2,Expressway,Dangerous Junction Geometry,Two-Wheeler,Vulnerable Road User (VRU),Rain,Damaged / Potholes,Streetlights Operational,Congested,1,1,3
ACC-10729,Karnataka,Bengaluru Urban,Bengaluru,Hosur Road Elevated Tollway,Central Silk Board Ramp to Bommanahalli,12.90938,77.61994,2024,7,23,10,Expressway,Poor Lighting,Car,Motorized Passenger,Rain,Wet / Slippery,Daylight,Low,1,0,1
ACC-10730,Karnataka,Bengaluru Urban,Bengaluru,Hosur Road Elevated Tollway,Central Silk Board Ramp to Bommanahalli,12.91257,77.62954,2024,1,12,10,Expressway,Poor Lighting,Car,Motorized Passenger,Clear,Dry / Smooth,Daylight,Low,1,0,2
ACC-10731,Karnataka,Bengaluru Urban,Bengaluru,Hosur Road Elevated Tollway,Central Silk Board Ramp to Bommanahalli,12.91365,77.6273,2024,9,3,2,Expressway,Potholes / Road Surface Defect,Bus,Motorized Passenger,Clear,Damaged / Potholes,Streetlights Operational,Congested,1,0,2
ACC-10732,Karnataka,Bengaluru Urban,Bengaluru,Hosur Road Elevated Tollway,Central Silk Board Ramp to Bommanahalli,12.91849,77.62445,2023,7,3,13,Expressway,Poor Lighting,Car,Motorized Passenger,Clear,Damaged / Potholes,Daylight,Medium,1,0,1
ACC-10733,Karnataka,Bengaluru Urban,Bengaluru,Hosur Road Elevated Tollway,Central Silk Board Ramp to Bommanahalli,12.92214,77.62682,2024,2,2,23,Expressway,Dangerous Junction Geometry,Two-Wheeler,Vulnerable Road User (VRU),Rain,Under Construction,Unlit / Pitch Black,Low,1,0,4
ACC-10734,Karnataka,Bengaluru Urban,Bengaluru,Hosur Road Elevated Tollway,Central Silk Board Ramp to Bommanahalli,12.91519,77.6252,2022,2,6,9,Expressway,Poor Lighting,Two-Wheeler,Vulnerable Road User (VRU),Clear,Dry / Smooth,Daylight,High,1,1,1
ACC-10735,Karnataka,Bengaluru Urban,Bengaluru,Hosur Road Elevated Tollway,Central Silk Board Ramp to Bommanahalli,12.91242,77.61769,2021,3,11,19,Expressway,Poor Lighting,Two-Wheeler,Vulnerable Road User (VRU),Clear,Damaged / Potholes,Unlit / Pitch Black,Congested,1,0,1
ACC-10736,Karnataka,Bengaluru Urban,Bengaluru,Hosur Road Elevated Tollway,Central Silk Board Ramp to Bommanahalli,12.91465,77.62602,2022,2,19,22,Expressway,Overspeeding,Two-Wheeler,Vulnerable Road User (VRU),Clear,Dry / Smooth,Unlit / Pitch Black,Congested,1,0,2
ACC-10737,Karnataka,Bengaluru Urban,Bengaluru,Hosur Road Elevated Tollway,Central Silk Board Ramp to Bommanahalli,12.92318,77.62421,2024,4,27,19,Expressway,Potholes / Road Surface Defect,Car,Motorized Passenger,Clear,Damaged / Potholes,Streetlights Operational,High,1,0,1
ACC-10738,Karnataka,Bengaluru Urban,Bengaluru,Hosur Road Elevated Tollway,Central Silk Board Ramp to Bommanahalli,12.92245,77.62135,2022,9,10,19,Expressway,Dangerous Junction Geometry,Two-Wheeler,Vulnerable Road User (VRU),Rain,Wet / Slippery,Streetlights Operational,Medium,1,0,1
ACC-10739,Karnataka,Bengaluru Urban,Bengaluru,Hosur Road Elevated Tollway,Central Silk Board Ramp to Bommanahalli,12.92347,77.62442,2023,2,28,7,Expressway,Overspeeding,Bus,Motorized Passenger,Clear,Damaged / Potholes,Daylight,Congested,1,0,1
ACC-10740,Karnataka,Bengaluru Urban,Bengaluru,Hosur Road Elevated Tollway,Central Silk Board Ramp to Bommanahalli,12.92399,77.62571,2023,11,1,18,Expressway,Potholes / Road Surface Defect,Two-Wheeler,Vulnerable Road User (VRU),Clear,Damaged / Potholes,Unlit / Pitch Black,Medium,1,0,2
ACC-10741,Karnataka,Bengaluru Urban,Bengaluru,Hosur Road Elevated Tollway,Central Silk Board Ramp to Bommanahalli,12.90987,77.61567,2021,4,16,21,Expressway,Overspeeding,Car,Motorized Passenger,Clear,Under Construction,Streetlights Operational,Congested,1,0,1
ACC-10742,Karnataka,Bengaluru Urban,Bengaluru,Hosur Road Elevated Tollway,Central Silk Board Ramp to Bommanahalli,12.92011,77.62691,2022,11,12,8,Expressway,Dangerous Junction Geometry,Two-Wheeler,Vulnerable Road User (VRU),Clear,Dry / Smooth,Daylight,Medium,1,0,2
ACC-10743,Karnataka,Bengaluru Urban,Bengaluru,Hosur Road Elevated Tollway,Central Silk Board Ramp to Bommanahalli,12.92492,77.62098,2024,1,13,14,Expressway,Dangerous Junction Geometry,Car,Motorized Passenger,Clear,Under Construction,Daylight,High,1,0,2
ACC-10744,Karnataka,Bengaluru Urban,Bengaluru,Hosur Road Elevated Tollway,Central Silk Board Ramp to Bommanahalli,12.92072,77.6281,2022,6,14,6,Expressway,Dangerous Junction Geometry,Two-Wheeler,Vulnerable Road User (VRU),Rain,Damaged / Potholes,Daylight,High,1,0,0
ACC-10745,Karnataka,Bengaluru Urban,Bengaluru,Hosur Road Elevated Tollway,Central Silk Board Ramp to Bommanahalli,12.91557,77.62562,2021,1,5,8,Expressway,Overspeeding,Car,Motorized Passenger,Rain,Wet / Slippery,Daylight,Medium,1,0,0
ACC-10746,Karnataka,Bengaluru Urban,Bengaluru,Hosur Road Elevated Tollway,Central Silk Board Ramp to Bommanahalli,12.91507,77.62392,2021,2,9,6,Expressway,Poor Lighting,Bus,Motorized Passenger,Rain,Wet / Slippery,Daylight,Medium,1,0,1
ACC-10747,Karnataka,Bengaluru Urban,Bengaluru,Hosur Road Elevated Tollway,Central Silk Board Ramp to Bommanahalli,12.91289,77.62697,2022,9,9,20,Expressway,Overspeeding,Two-Wheeler,Vulnerable Road User (VRU),Clear,Under Construction,Poor / Intermittent,High,1,1,3
ACC-10748,Karnataka,Bengaluru Urban,Bengaluru,Hosur Road Elevated Tollway,Central Silk Board Ramp to Bommanahalli,12.92258,77.61942,2022,2,12,15,Expressway,Dangerous Junction Geometry,Two-Wheeler,Vulnerable Road User (VRU),Rain,Damaged / Potholes,Daylight,Congested,1,0,0
ACC-10749,Karnataka,Bengaluru Urban,Bengaluru,Hosur Road Elevated Tollway,Central Silk Board Ramp to Bommanahalli,12.91527,77.62566,2024,5,27,3,Expressway,Potholes / Road Surface Defect,Bus,Motorized Passenger,Rain,Damaged / Potholes,Unlit / Pitch Black,Congested,1,0,1
ACC-10750,Karnataka,Bengaluru Urban,Bengaluru,Hosur Road Elevated Tollway,Central Silk Board Ramp to Bommanahalli,12.92132,77.62056,2021,11,10,9,Expressway,Overspeeding,Bus,Motorized Passenger,Rain,Wet / Slippery,Daylight,Low,1,0,1
ACC-10751,Karnataka,Bengaluru Urban,Bengaluru,Hosur Road Elevated Tollway,Central Silk Board Ramp to Bommanahalli,12.9215,77.61926,2024,7,26,14,Expressway,Overspeeding,Two-Wheeler,Vulnerable Road User (VRU),Rain,Wet / Slippery,Daylight,Congested,1,0,2
ACC-10752,Karnataka,Bengaluru Urban,Bengaluru,Hosur Road Elevated Tollway,Central Silk Board Ramp to Bommanahalli,12.9146,77.62141,2024,8,24,6,Expressway,Dangerous Junction Geometry,Two-Wheeler,Vulnerable Road User (VRU),Rain,Wet / Slippery,Daylight,Low,1,1,1
ACC-10753,Karnataka,Bengaluru Urban,Bengaluru,Hosur Road Elevated Tollway,Central Silk Board Ramp to Bommanahalli,12.9163,77.61538,2023,6,9,15,Expressway,Overspeeding,Two-Wheeler,Vulnerable Road User (VRU),Rain,Wet / Slippery,Daylight,Low,1,0,2
ACC-10754,Karnataka,Bengaluru Urban,Bengaluru,Hosur Road Elevated Tollway,Central Silk Board Ramp to Bommanahalli,12.91422,77.61612,2021,8,2,10,Expressway,Dangerous Junction Geometry,Car,Motorized Passenger,Rain,Wet / Slippery,Daylight,High,1,0,1
ACC-10755,Karnataka,Bengaluru Urban,Bengaluru,Hosur Road Elevated Tollway,Central Silk Board Ramp to Bommanahalli,12.91292,77.62557,2022,5,25,7,Expressway,Poor Lighting,Two-Wheeler,Vulnerable Road User (VRU),Clear,Damaged / Potholes,Daylight,Medium,1,0,2
ACC-10756,Karnataka,Bengaluru Urban,Bengaluru,Hosur Road Elevated Tollway,Central Silk Board Ramp to Bommanahalli,12.9248,77.61536,2022,11,17,12,Expressway,Potholes / Road Surface Defect,Two-Wheeler,Vulnerable Road User (VRU),Clear,Damaged / Potholes,Daylight,High,1,0,4
ACC-10757,Karnataka,Bengaluru Urban,Bengaluru,Hosur Road Elevated Tollway,Central Silk Board Ramp to Bommanahalli,12.91833,77.62837,2023,9,23,7,Expressway,Potholes / Road Surface Defect,Two-Wheeler,Vulnerable Road User (VRU),Clear,Damaged / Potholes,Daylight,Congested,1,1,1
ACC-10758,Karnataka,Bengaluru Urban,Bengaluru,Hosur Road Elevated Tollway,Central Silk Board Ramp to Bommanahalli,12.91963,77.62263,2024,2,21,8,Expressway,Dangerous Junction Geometry,Two-Wheeler,Vulnerable Road User (VRU),Rain,Wet / Slippery,Daylight,Low,1,0,1
ACC-10759,Madhya Pradesh,Indore,Indore,Indore Bypass AB Road,Dewas Naka Bypass to Nipania Square,22.75323,75.9237,2023,10,1,0,Ring Road,Poor Lighting,Two-Wheeler,Vulnerable Road User (VRU),Clear,Dry / Smooth,Unlit / Pitch Black,Low,1,0,2
ACC-10760,Madhya Pradesh,Indore,Indore,Indore Bypass AB Road,Dewas Naka Bypass to Nipania Square,22.75519,75.92614,2023,4,13,3,Ring Road,Wrong-side Driving,Car,Motorized Passenger,Clear,Dry / Smooth,Streetlights Operational,Medium,1,0,4
ACC-10761,Madhya Pradesh,Indore,Indore,Indore Bypass AB Road,Dewas Naka Bypass to Nipania Square,22.74879,75.91944,2021,9,26,19,Ring Road,Overspeeding,Tractor,Motorized Passenger,Rain,Wet / Slippery,Poor / Intermittent,Medium,1,0,4
ACC-10762,Madhya Pradesh,Indore,Indore,Indore Bypass AB Road,Dewas Naka Bypass to Nipania Square,22.7518,75.92351,2021,12,8,18,Ring Road,Poor Lighting,Heavy Truck,Commercial Goods,Clear,Dry / Smooth,Poor / Intermittent,Congested,1,0,1
ACC-10763,Madhya Pradesh,Indore,Indore,Indore Bypass AB Road,Dewas Naka Bypass to Nipania Square,22.75318,75.91677,2022,9,8,9,Ring Road,Wrong-side Driving,Tractor,Motorized Passenger,Rain,Wet / Slippery,Daylight,Low,1,0,1
ACC-10764,Madhya Pradesh,Indore,Indore,Indore Bypass AB Road,Dewas Naka Bypass to Nipania Square,22.74565,75.9213,2024,11,25,2,Ring Road,Overspeeding,Heavy Truck,Commercial Goods,Rain,Wet / Slippery,Poor / Intermittent,Congested,1,0,0
ACC-10765,Madhya Pradesh,Indore,Indore,Indore Bypass AB Road,Dewas Naka Bypass to Nipania Square,22.75049,75.92414,2022,2,5,20,Ring Road,Overspeeding,Car,Motorized Passenger,Clear,Damaged / Potholes,Poor / Intermittent,High,1,0,2
ACC-10766,Madhya Pradesh,Indore,Indore,Indore Bypass AB Road,Dewas Naka Bypass to Nipania Square,22.75684,75.92598,2021,12,2,9,Ring Road,Overspeeding,Car,Motorized Passenger,Rain,Under Construction,Daylight,Low,1,0,2
ACC-10767,Madhya Pradesh,Indore,Indore,Indore Bypass AB Road,Dewas Naka Bypass to Nipania Square,22.75747,75.91812,2021,3,1,9,Ring Road,Overspeeding,Car,Motorized Passenger,Rain,Wet / Slippery,Daylight,Congested,1,1,1
ACC-10768,Madhya Pradesh,Indore,Indore,Indore Bypass AB Road,Dewas Naka Bypass to Nipania Square,22.75917,75.91943,2024,6,2,20,Ring Road,Overspeeding,Tractor,Motorized Passenger,Clear,Damaged / Potholes,Poor / Intermittent,Medium,1,0,1
ACC-10769,Madhya Pradesh,Indore,Indore,Indore Bypass AB Road,Dewas Naka Bypass to Nipania Square,22.7548,75.9161,2023,5,6,8,Ring Road,Overspeeding,Car,Motorized Passenger,Clear,Damaged / Potholes,Daylight,Low,1,0,1
ACC-10770,Madhya Pradesh,Indore,Indore,Indore Bypass AB Road,Dewas Naka Bypass to Nipania Square,22.75101,75.91891,2022,11,9,7,Ring Road,Wrong-side Driving,Heavy Truck,Commercial Goods,Clear,Dry / Smooth,Daylight,High,1,0,2
ACC-10771,Madhya Pradesh,Indore,Indore,Indore Bypass AB Road,Dewas Naka Bypass to Nipania Square,22.76099,75.92611,2024,12,15,19,Ring Road,Poor Lighting,Heavy Truck,Commercial Goods,Rain,Under Construction,Unlit / Pitch Black,Congested,1,0,2
ACC-10772,Madhya Pradesh,Indore,Indore,Indore Bypass AB Road,Dewas Naka Bypass to Nipania Square,22.75331,75.92683,2021,6,26,7,Ring Road,Heavy Freight Congestion,Tractor,Motorized Passenger,Rain,Wet / Slippery,Daylight,Low,1,0,1
ACC-10773,Madhya Pradesh,Indore,Indore,Indore Bypass AB Road,Dewas Naka Bypass to Nipania Square,22.75587,75.91864,2023,1,14,23,Ring Road,Poor Lighting,Two-Wheeler,Vulnerable Road User (VRU),Fog/Mist,Dry / Smooth,Unlit / Pitch Black,Medium,1,1,3
ACC-10774,Madhya Pradesh,Indore,Indore,Indore Bypass AB Road,Dewas Naka Bypass to Nipania Square,22.75488,75.92576,2022,8,27,19,Ring Road,Poor Lighting,Two-Wheeler,Vulnerable Road User (VRU),Clear,Dry / Smooth,Unlit / Pitch Black,High,1,0,1
ACC-10775,Madhya Pradesh,Indore,Indore,Indore Bypass AB Road,Dewas Naka Bypass to Nipania Square,22.75294,75.92448,2021,7,23,18,Ring Road,Wrong-side Driving,Tractor,Motorized Passenger,Clear,Damaged / Potholes,Streetlights Operational,Medium,1,0,2
ACC-10776,Madhya Pradesh,Indore,Indore,Indore Bypass AB Road,Dewas Naka Bypass to Nipania Square,22.74695,75.92184,2023,9,16,7,Ring Road,Heavy Freight Congestion,Tractor,Motorized Passenger,Rain,Wet / Slippery,Daylight,Congested,1,0,2
ACC-10777,Madhya Pradesh,Indore,Indore,Indore Bypass AB Road,Dewas Naka Bypass to Nipania Square,22.75872,75.92094,2023,11,4,18,Ring Road,Wrong-side Driving,Car,Motorized Passenger,Rain,Under Construction,Streetlights Operational,Medium,1,1,1
ACC-10778,Madhya Pradesh,Indore,Indore,Indore Bypass AB Road,Dewas Naka Bypass to Nipania Square,22.7582,75.91934,2023,5,22,18,Ring Road,Overspeeding,Car,Motorized Passenger,Rain,Wet / Slippery,Unlit / Pitch Black,Congested,1,0,1
ACC-10779,Madhya Pradesh,Indore,Indore,Indore Bypass AB Road,Dewas Naka Bypass to Nipania Square,22.75666,75.92724,2024,4,19,11,Ring Road,Wrong-side Driving,Heavy Truck,Commercial Goods,Rain,Wet / Slippery,Daylight,Medium,1,0,0
ACC-10780,Madhya Pradesh,Indore,Indore,Indore Bypass AB Road,Dewas Naka Bypass to Nipania Square,22.75143,75.92589,2021,12,11,15,Ring Road,Heavy Freight Congestion,Heavy Truck,Commercial Goods,Clear,Damaged / Potholes,Daylight,Medium,1,0,2
ACC-10781,Madhya Pradesh,Indore,Indore,Indore Bypass AB Road,Dewas Naka Bypass to Nipania Square,22.74578,75.91893,2023,3,12,7,Ring Road,Wrong-side Driving,Heavy Truck,Commercial Goods,Clear,Dry / Smooth,Daylight,High,1,0,2
ACC-10782,Madhya Pradesh,Indore,Indore,Indore Bypass AB Road,Dewas Naka Bypass to Nipania Square,22.74942,75.91576,2021,4,21,6,Ring Road,Heavy Freight Congestion,Tractor,Motorized Passenger,Rain,Dry / Smooth,Daylight,Congested,1,0,2
ACC-10783,Madhya Pradesh,Indore,Indore,Indore Bypass AB Road,Dewas Naka Bypass to Nipania Square,22.7584,75.92815,2021,9,24,14,Ring Road,Overspeeding,Heavy Truck,Commercial Goods,Rain,Wet / Slippery,Daylight,Medium,1,1,1
ACC-10784,Madhya Pradesh,Indore,Indore,Indore Bypass AB Road,Dewas Naka Bypass to Nipania Square,22.75113,75.92127,2023,7,17,7,Ring Road,Poor Lighting,Car,Motorized Passenger,Rain,Wet / Slippery,Daylight,Low,1,0,1
ACC-10785,Madhya Pradesh,Indore,Indore,Indore Bypass AB Road,Dewas Naka Bypass to Nipania Square,22.7573,75.92583,2022,7,18,8,Ring Road,Wrong-side Driving,Car,Motorized Passenger,Rain,Wet / Slippery,Daylight,Congested,1,0,3
ACC-10786,Madhya Pradesh,Indore,Indore,Indore Bypass AB Road,Dewas Naka Bypass to Nipania Square,22.75042,75.92735,2024,4,19,9,Ring Road,Wrong-side Driving,Car,Motorized Passenger,Rain,Wet / Slippery,Daylight,Congested,1,0,1
ACC-10787,Madhya Pradesh,Indore,Indore,Indore Bypass AB Road,Dewas Naka Bypass to Nipania Square,22.75051,75.91681,2021,2,18,19,Ring Road,Wrong-side Driving,Heavy Truck,Commercial Goods,Clear,Damaged / Potholes,Poor / Intermittent,Congested,1,0,1
ACC-10788,Madhya Pradesh,Indore,Indore,Indore Bypass AB Road,Dewas Naka Bypass to Nipania Square,22.75248,75.92213,2023,12,19,0,Ring Road,Poor Lighting,Two-Wheeler,Vulnerable Road User (VRU),Fog/Mist,Under Construction,Poor / Intermittent,Low,1,0,1
ACC-10789,Madhya Pradesh,Indore,Indore,Indore Bypass AB Road,Dewas Naka Bypass to Nipania Square,22.74692,75.92857,2021,2,14,9,Ring Road,Wrong-side Driving,Heavy Truck,Commercial Goods,Clear,Damaged / Potholes,Daylight,Medium,1,0,2
ACC-10790,Madhya Pradesh,Indore,Indore,Indore Bypass AB Road,Dewas Naka Bypass to Nipania Square,22.75662,75.92848,2024,3,21,10,Ring Road,Wrong-side Driving,Car,Motorized Passenger,Clear,Under Construction,Daylight,Low,1,0,4
ACC-10791,Bihar,Patna,Patna,Patna Bypass NH-30,Anisabad Roundabout to Didarganj Toll,25.58034,85.18487,2023,9,11,9,National Highway,Pedestrian Crossing Hazard,Two-Wheeler,Vulnerable Road User (VRU),Rain,Wet / Slippery,Daylight,Medium,1,0,3
ACC-10792,Bihar,Patna,Patna,Patna Bypass NH-30,Anisabad Roundabout to Didarganj Toll,25.57547,85.19083,2024,8,7,17,National Highway,Pedestrian Crossing Hazard,Two-Wheeler,Vulnerable Road User (VRU),Clear,Under Construction,Daylight,Low,1,0,0