id,state,district,city,road_name,road_segment,latitude,longitude,year,month,day,hour,road_category,cause,vehicle_type,road_user_type,weather,road_condition,lighting_condition,traffic_level,accidents,fatalities,injuries
ACC-10881,Andhra Pradesh,Visakhapatnam,Visakhapatnam,Visakhapatnam Port Freight Corridor,Sheela Nagar Flyover to Scindia Junction,17.69338,83.22231,2022,6,10,20,State Highway,Poor Lighting,Auto-Rickshaw,Vulnerable Road User (VRU),Rain,Wet / Slippery,Unlit / Pitch Black,Medium,1,1,2
ACC-10882,Andhra Pradesh,Visakhapatnam,Visakhapatnam,Visakhapatnam Port Freight Corridor,Sheela Nagar Flyover to Scindia Junction,17.70009,83.22389,2022,10,28,0,State Highway,Potholes / Road Surface Defect,Auto-Rickshaw,Vulnerable Road User (VRU),Clear,Damaged / Potholes,Unlit / Pitch Black,Medium,1,1,2
ACC-10883,Andhra Pradesh,Visakhapatnam,Visakhapatnam,Visakhapatnam Port Freight Corridor,Sheela Nagar Flyover to Scindia Junction,17.69694,83.21802,2022,9,20,7,State Highway,Potholes / Road Surface Defect,Heavy Truck,Commercial Goods,Rain,Damaged / Potholes,Daylight,Low,1,0,1
ACC-10884,Andhra Pradesh,Visakhapatnam,Visakhapatnam,Visakhapatnam Port Freight Corridor,Sheela Nagar Flyover to Scindia Junction,17.69789,83.21296,2023,3,24,3,State Highway,Poor Lighting,Two-Wheeler,Vulnerable Road User (VRU),Clear,Damaged / Potholes,Poor / Intermittent,High,1,0,0
ACC-10885,Andhra Pradesh,Visakhapatnam,Visakhapatnam,Visakhapatnam Port Freight Corridor,Sheela Nagar Flyover to Scindia Junction,17.69957,83.22116,2022,7,26,18,State Highway,Overspeeding,Auto-Rickshaw,Vulnerable Road User (VRU),Rain,Wet / Slippery,Poor / Intermittent,Low,1,1,2
ACC-10886,Andhra Pradesh,Visakhapatnam,Visakhapatnam,Visakhapatnam Port Freight Corridor,Sheela Nagar Flyover to Scindia Junction,17.69978,83.21411,2022,8,5,15,State Highway,Potholes / Road Surface Defect,Heavy Truck,Commercial Goods,Clear,Damaged / Potholes,Daylight,Low,1,0,2
ACC-10887,Andhra Pradesh,Visakhapatnam,Visakhapatnam,Visakhapatnam Port Freight Corridor,Sheela Nagar Flyover to Scindia Junction,17.69201,83.21786,2024,5,27,23,State Highway,Overspeeding,Heavy Truck,Commercial Goods,Rain,Wet / Slippery,Poor / Intermittent,High,1,0,2
ACC-10888,Andhra Pradesh,Visakhapatnam,Visakhapatnam,Visakhapatnam Port Freight Corridor,Sheela Nagar Flyover to Scindia Junction,17.69978,83.2162,2022,12,23,10,State Highway,Potholes / Road Surface Defect,Heavy Truck,Commercial Goods,Clear,Damaged / Potholes,Daylight,High,1,0,1
ACC-10889,Odisha,Khordha,Bhubaneswar,Bhubaneswar-Cuttack Highway NH-16,Rasulgarh Square to Pahala Rasagola Mile,20.32677,85.86322,2024,12,14,22,National Highway,Pedestrian Crossing Hazard,Bus,Motorized Passenger,Rain,Wet / Slippery,Streetlights Operational,Low,1,0,1
ACC-10890,Odisha,Khordha,Bhubaneswar,Bhubaneswar-Cuttack Highway NH-16,Rasulgarh Square to Pahala Rasagola Mile,20.32391,85.86891,2023,2,1,19,National Highway,Overspeeding,Car,Motorized Passenger,Rain,Wet / Slippery,Poor / Intermittent,High,1,0,2
ACC-10891,Odisha,Khordha,Bhubaneswar,Bhubaneswar-Cuttack Highway NH-16,Rasulgarh Square to Pahala Rasagola Mile,20.32686,85.87366,2024,10,17,13,National Highway,Poor Lighting,Two-Wheeler,Vulnerable Road User (VRU),Clear,Dry / Smooth,Daylight,High,1,1,1
ACC-10892,Odisha,Khordha,Bhubaneswar,Bhubaneswar-Cuttack Highway NH-16,Rasulgarh Square to Pahala Rasagola Mile,20.32517,85.85959,2024,7,23,8,National Highway,Poor Lighting,Car,Motorized Passenger,Rain,Dry / Smooth,Daylight,Congested,1,0,0
ACC-10893,Odisha,Khordha,Bhubaneswar,Bhubaneswar-Cuttack Highway NH-16,Rasulgarh Square to Pahala Rasagola Mile,20.33168,85.86318,2023,2,10,15,National Highway,Pedestrian Crossing Hazard,Car,Motorized Passenger,Rain,Wet / Slippery,Daylight,Low,1,0,1
ACC-10894,Odisha,Khordha,Bhubaneswar,Bhubaneswar-Cuttack Highway NH-16,Rasulgarh Square to Pahala Rasagola Mile,20.3241,85.86062,2024,1,11,22,National Highway,Adverse Weather / Fog,Pedestrian,Vulnerable Road User (VRU),Fog/Mist,Under Construction,Poor / Intermittent,Low,1,0,0
ACC-10895,Odisha,Khordha,Bhubaneswar,Bhubaneswar-Cuttack Highway NH-16,Rasulgarh Square to Pahala Rasagola Mile,20.3226,85.86915,2023,10,18,16,National Highway,Overspeeding,Bus,Motorized Passenger,Rain,Wet / Slippery,Daylight,High,1,0,0
ACC-10896,Odisha,Khordha,Bhubaneswar,Bhubaneswar-Cuttack Highway NH-16,Rasulgarh Square to Pahala Rasagola Mile,20.31788,85.86851,2022,7,7,23,National Highway,Poor Lighting,Bus,Motorized Passenger,Rain,Wet / Slippery,Poor / Intermittent,Medium,1,0,1
ACC-10897,Odisha,Khordha,Bhubaneswar,Bhubaneswar-Cuttack Highway NH-16,Rasulgarh Square to Pahala Rasagola Mile,20.31776,85.8745,2023,9,18,21,National Highway,Pedestrian Crossing Hazard,Pedestrian,Vulnerable Road User (VRU),Clear,Damaged / Potholes,Poor / Intermittent,Low,1,0,3
ACC-10898,Odisha,Khordha,Bhubaneswar,Bhubaneswar-Cuttack Highway NH-16,Rasulgarh Square to Pahala Rasagola Mile,20.32401,85.87253,2023,10,19,8,National Highway,Overspeeding,Car,Motorized Passenger,Clear,Dry / Smooth,Daylight,Medium,1,0,1
ACC-10899,Odisha,Khordha,Bhubaneswar,Bhubaneswar-Cuttack Highway NH-16,Rasulgarh Square to Pahala Rasagola Mile,20.32383,85.86622,2022,4,8,7,National Highway,Overspeeding,Two-Wheeler,Vulnerable Road User (VRU),Rain,Wet / Slippery,Daylight,Medium,1,0,2
ACC-10900,Odisha,Khordha,Bhubaneswar,Bhubaneswar-Cuttack Highway NH-16,Rasulgarh Square to Pahala Rasagola Mile,20.33091,85.86296,2022,7,6,12,National Highway,Poor Lighting,Car,Motorized Passenger,Rain,Wet / Slippery,Daylight,Low,1,0,1
ACC-10901,Odisha,Khordha,Bhubaneswar,Bhubaneswar-Cuttack Highway NH-16,Rasulgarh Square to Pahala Rasagola Mile,20.32762,85.87068,2023,2,23,23,National Highway,Overspeeding,Pedestrian,Vulnerable Road User (VRU),Rain,Wet / Slippery,Poor / Intermittent,High,1,0,1
ACC-10902,Odisha,Khordha,Bhubaneswar,Bhubaneswar-Cuttack Highway NH-16,Rasulgarh Square to Pahala Rasagola Mile,20.31702,85.86476,2022,8,9,0,National Highway,Poor Lighting,Car,Motorized Passenger,Clear,Dry / Smooth,Poor / Intermittent,High,1,0,1
ACC-10903,Odisha,Khordha,Bhubaneswar,Bhubaneswar-Cuttack Highway NH-16,Rasulgarh Square to Pahala Rasagola Mile,20.33188,85.86264,2022,2,22,23,National Highway,Adverse Weather / Fog,Bus,Motorized Passenger,Rain,Dry / Smooth,Streetlights Operational,Congested,1,0,3
ACC-10904,Odisha,Khordha,Bhubaneswar,Bhubaneswar-Cuttack Highway NH-16,Rasulgarh Square to Pahala Rasagola Mile,20.31695,85.87127,2024,5,18,7,National Highway,Adverse Weather / Fog,Pedestrian,Vulnerable Road User (VRU),Clear,Under Construction,Daylight,Low,1,0,4
ACC-10905,Odisha,Khordha,Bhubaneswar,Bhubaneswar-Cuttack Highway NH-16,Rasulgarh Square to Pahala Rasagola Mile,20.31761,85.86566,2021,2,20,18,National Highway,Overspeeding,Pedestrian,Vulnerable Road User (VRU),Clear,Damaged / Potholes,Unlit / Pitch Black,Congested,1,0,1
ACC-10906,Odisha,Khordha,Bhubaneswar,Bhubaneswar-Cuttack Highway NH-16,Rasulgarh Square to Pahala Rasagola Mile,20.31905,85.86562,2024,7,13,5,National Highway,Adverse Weather / Fog,Pedestrian,Vulnerable Road User (VRU),Rain,Wet / Slippery,Poor / Intermittent,Congested,1,0,1
ACC-10907,Odisha,Khordha,Bhubaneswar,Bhubaneswar-Cuttack Highway NH-16,Rasulgarh Square to Pahala Rasagola Mile,20.31613,85.87496,2022,6,21,9,National Highway,Poor Lighting,Two-Wheeler,Vulnerable Road User (VRU),Clear,Dry / Smooth,Daylight,High,1,0,0
ACC-10908,Odisha,Khordha,Bhubaneswar,Bhubaneswar-Cuttack Highway NH-16,Rasulgarh Square to Pahala Rasagola Mile,20.33005,85.8738,2021,1,11,0,National Highway,Adverse Weather / Fog,Two-Wheeler,Vulnerable Road User (VRU),Fog/Mist,Damaged / Potholes,Streetlights Operational,Congested,1,1,1
ACC-10909,Odisha,Khordha,Bhubaneswar,Bhubaneswar-Cuttack Highway NH-16,Rasulgarh Square to Pahala Rasagola Mile,20.3288,85.86112,2023,10,6,14,National Highway,Overspeeding,Pedestrian,Vulnerable Road User (VRU),Clear,Under Construction,Daylight,High,1,0,2
ACC-10910,Odisha,Khordha,Bhubaneswar,Bhubaneswar-Cuttack Highway NH-16,Rasulgarh Square to Pahala Rasagola Mile,20.32232,85.86637,2023,5,4,2,National Highway,Overspeeding,Two-Wheeler,Vulnerable Road User (VRU),Clear,Damaged / Potholes,Streetlights Operational,Congested,1,0,1
ACC-10911,Odisha,Khordha,Bhubaneswar,Bhubaneswar-Cuttack Highway NH-16,Rasulgarh Square to Pahala Rasagola Mile,20.31704,85.87492,2021,11,18,7,National Highway,Adverse Weather / Fog,Pedestrian,Vulnerable Road User (VRU),Rain,Damaged / Potholes,Daylight,Medium,1,0,0
ACC-10912,Odisha,Khordha,Bhubaneswar,Bhubaneswar-Cuttack Highway NH-16,Rasulgarh Square to Pahala Rasagola Mile,20.32062,85.86137,2024,11,23,12,National Highway,Pedestrian Crossing Hazard,Two-Wheeler,Vulnerable Road User (VRU),Rain,Wet / Slippery,Daylight,Congested,1,0,1
ACC-10913,Odisha,Khordha,Bhubaneswar,Bhubaneswar-Cuttack Highway NH-16,Rasulgarh Square to Pahala Rasagola Mile,20.32232,85.86716,2022,5,21,18,National Highway,Poor Lighting,Two-Wheeler,Vulnerable Road User (VRU),Rain,Dry / Smooth,Poor / Intermittent,High,1,0,1
ACC-10914,Odisha,Khordha,Bhubaneswar,Bhubaneswar-Cuttack Highway NH-16,Rasulgarh Square to Pahala Rasagola Mile,20.32095,85.86221,2023,11,23,0,National Highway,Overspeeding,Two-Wheeler,Vulnerable Road User (VRU),Rain,Wet / Slippery,Unlit / Pitch Black,High,1,0,0
ACC-10915,Odisha,Khordha,Bhubaneswar,Bhubaneswar-Cuttack Highway NH-16,Rasulgarh Square to Pahala Rasagola Mile,20.31965,85.86432,2021,11,28,20,National Highway,Overspeeding,Bus,Motorized Passenger,Clear,Dry / Smooth,Streetlights Operational,High,1,0,0
ACC-10916,Odisha,Khordha,Bhubaneswar,Bhubaneswar-Cuttack Highway NH-16,Rasulgarh Square to Pahala Rasagola Mile,20.31995,85.87222,2022,8,7,21,National Highway,Pedestrian Crossing Hazard,Two-Wheeler,Vulnerable Road User (VRU),Rain,Wet / Slippery,Streetlights Operational,High,1,0,0
ACC-10917,Odisha,Khordha,Bhubaneswar,Bhubaneswar-Cuttack Highway NH-16,Rasulgarh Square to Pahala Rasagola Mile,20.33085,85.87009,2023,3,13,8,National Highway,Poor Lighting,Two-Wheeler,Vulnerable Road User (VRU),Clear,Damaged / Potholes,Daylight,Medium,1,0,1
ACC-10918,Odisha,Khordha,Bhubaneswar,Bhubaneswar-Cuttack Highway NH-16,Rasulgarh Square to Pahala Rasagola Mile,20.32917,85.86701,2023,4,21,7,National Highway,Poor Lighting,Two-Wheeler,Vulnerable Road User (VRU),Rain,Under Construction,Daylight,Congested,1,0,3
ACC-10919,Odisha,Khordha,Bhubaneswar,Bhubaneswar-Cuttack Highway NH-16,Rasulgarh Square to Pahala Rasagola Mile,20.31903,85.86444,2021,11,23,23,National Highway,Poor Lighting,Pedestrian,Vulnerable Road User (VRU),Fog/Mist,Dry / Smooth,Unlit / Pitch Black,High,1,2,1
ACC-10920,Odisha,Khordha,Bhubaneswar,Bhubaneswar-Cuttack Highway NH-16,Rasulgarh Square to Pahala Rasagola Mile,20.32927,85.87334,2023,11,23,9,National Highway,Adverse Weather / Fog,Bus,Motorized Passenger,Rain,Wet / Slippery,Daylight,Low,1,0,0
ACC-10921,Assam,Kamrup Metropolitan,Guwahati,GS Road Khanapara Corridor,Khanapara Rotary to Six Mile Flyover,26.1326,91.807,2021,9,28,2,Urban Arterial,Drunk Driving,Auto-Rickshaw,Vulnerable Road User (VRU),Rain,Wet / Slippery,Streetlights Operational,High,1,0,0
ACC-10922,Assam,Kamrup Metropolitan,Guwahati,GS Road Khanapara Corridor,Khanapara Rotary to Six Mile Flyover,26.1211,91.79433,2022,7,20,23,Urban Arterial,Adverse Weather / Fog,Auto-Rickshaw,Vulnerable Road User (VRU),Rain,Wet / Slippery,Streetlights Operational,Medium,1,0,2
ACC-10923,Assam,Kamrup Metropolitan,Guwahati,GS Road Khanapara Corridor,Khanapara Rotary to Six Mile Flyover,26.12507,91.79512,2022,6,28,17,Urban Arterial,Adverse Weather / Fog,Pedestrian,Vulnerable Road User (VRU),Rain,Wet / Slippery,Daylight,High,1,0,0
ACC-10924,Assam,Kamrup Metropolitan,Guwahati,GS Road Khanapara Corridor,Khanapara Rotary to Six Mile Flyover,26.12298,91.80285,2022,11,7,23,Urban Arterial,Poor Lighting,Two-Wheeler,Vulnerable Road User (VRU),Fog/Mist,Dry / Smooth,Poor / Intermittent,Medium,1,0,1
ACC-10925,Assam,Kamrup Metropolitan,Guwahati,GS Road Khanapara Corridor,Khanapara Rotary to Six Mile Flyover,26.12049,91.79415,2023,1,4,9,Urban Arterial,Drunk Driving,Car,Motorized Passenger,Rain,Wet / Slippery,Daylight,Low,1,2,2
ACC-10926,Assam,Kamrup Metropolitan,Guwahati,GS Road Khanapara Corridor,Khanapara Rotary to Six Mile Flyover,26.12492,91.80396,2021,7,25,7,Urban Arterial,Drunk Driving,Two-Wheeler,Vulnerable Road User (VRU),Rain,Wet / Slippery,Daylight,Congested,1,0,1
ACC-10927,Assam,Kamrup Metropolitan,Guwahati,GS Road Khanapara Corridor,Khanapara Rotary to Six Mile Flyover,26.12398,91.79869,2024,12,8,12,Urban Arterial,Dangerous Junction Geometry,Pedestrian,Vulnerable Road User (VRU),Rain,Under Construction,Daylight,Medium,1,0,2
ACC-10928,Assam,Kamrup Metropolitan,Guwahati,GS Road Khanapara Corridor,Khanapara Rotary to Six Mile Flyover,26.13403,91.8099,2022,7,9,8,Urban Arterial,Drunk Driving,Auto-Rickshaw,Vulnerable Road User (VRU),Clear,Damaged / Potholes,Daylight,Congested,1,0,2
ACC-10929,Assam,Kamrup Metropolitan,Guwahati,GS Road Khanapara Corridor,Khanapara Rotary to Six Mile Flyover,26.13105,91.79623,2022,11,12,18,Urban Arterial,Poor Lighting,Auto-Rickshaw,Vulnerable Road User (VRU),Rain,Under Construction,Poor / Intermittent,Congested,1,0,1
ACC-10930,Assam,Kamrup Metropolitan,Guwahati,GS Road Khanapara Corridor,Khanapara Rotary to Six Mile Flyover,26.12266,91.79584,2022,4,7,12,Urban Arterial,Adverse Weather / Fog,Pedestrian,Vulnerable Road User (VRU),Rain,Under Construction,Daylight,Low,1,0,1
ACC-10931,Assam,Kamrup Metropolitan,Guwahati,GS Road Khanapara Corridor,Khanapara Rotary to Six Mile Flyover,26.12655,91.80238,2024,5,27,16,Urban Arterial,Poor Lighting,Two-Wheeler,Vulnerable Road User (VRU),Clear,Damaged / Potholes,Daylight,Low,1,0,0
ACC-10932,Assam,Kamrup Metropolitan,Guwahati,GS Road Khanapara Corridor,Khanapara Rotary to Six Mile Flyover,26.13222,91.8063,2022,8,1,9,Urban Arterial,Adverse Weather / Fog,Pedestrian,Vulnerable Road User (VRU),Rain,Damaged / Potholes,Daylight,Medium,1,1,1
ACC-10933,Assam,Kamrup Metropolitan,Guwahati,GS Road Khanapara Corridor,Khanapara Rotary to Six Mile Flyover,26.1257,91.79554,2024,6,20,12,Urban Arterial,Drunk Driving,Two-Wheeler,Vulnerable Road User (VRU),Clear,Dry / Smooth,Daylight,High,1,0,2
ACC-10934,Assam,Kamrup Metropolitan,Guwahati,GS Road Khanapara Corridor,Khanapara Rotary to Six Mile Flyover,26.128,91.80536,2023,4,24,7,Urban Arterial,Dangerous Junction Geometry,Two-Wheeler,Vulnerable Road User (VRU),Rain,Wet / Slippery,Daylight,Low,1,0,2
ACC-10935,Assam,Kamrup Metropolitan,Guwahati,GS Road Khanapara Corridor,Khanapara Rotary to Six Mile Flyover,26.13602,91.80472,2023,5,4,5,Urban Arterial,Adverse Weather / Fog,Car,Motorized Passenger,Rain,Damaged / Potholes,Poor / Intermittent,Low,1,0,3
ACC-10936,Assam,Kamrup Metropolitan,Guwahati,GS Road Khanapara Corridor,Khanapara Rotary to Six Mile Flyover,26.1262,91.80115,2022,8,4,5,Urban Arterial,Poor Lighting,Auto-Rickshaw,Vulnerable Road User (VRU),Rain,Wet / Slippery,Poor / Intermittent,High,1,0,4
ACC-10937,Assam,Kamrup Metropolitan,Guwahati,GS Road Khanapara Corridor,Khanapara Rotary to Six Mile Flyover,26.13507,91.79588,2022,8,1,13,Urban Arterial,Dangerous Junction Geometry,Pedestrian,Vulnerable Road User (VRU),Rain,Wet / Slippery,Daylight,High,1,1,2
ACC-10938,Assam,Kamrup Metropolitan,Guwahati,GS Road Khanapara Corridor,Khanapara Rotary to Six Mile Flyover,26.12488,91.80243,2022,11,11,1,Urban Arterial,Dangerous Junction Geometry,Auto-Rickshaw,Vulnerable Road User (VRU),Fog/Mist,Damaged / Potholes,Poor / Intermittent,Low,1,0,0
ACC-10939,Assam,Kamrup Metropolitan,Guwahati,GS Road Khanapara Corridor,Khanapara Rotary to Six Mile Flyover,26.12773,91.79538,2021,8,11,3,Urban Arterial,Adverse Weather / Fog,Pedestrian,Vulnerable Road User (VRU),Rain,Wet / Slippery,Poor / Intermittent,Low,1,0,2
ACC-10940,Assam,Kamrup Metropolitan,Guwahati,GS Road Khanapara Corridor,Khanapara Rotary to Six Mile Flyover,26.13152,91.79842,2021,3,28,12,Urban Arterial,Drunk Driving,Two-Wheeler,Vulnerable Road User (VRU),Rain,Wet / Slippery,Daylight,Congested,1,1,1
ACC-10941,Assam,Kamrup Metropolitan,Guwahati,GS Road Khanapara Corridor,Khanapara Rotary to Six Mile Flyover,26.12467,91.80871,2024,6,12,16,Urban Arterial,Poor Lighting,Auto-Rickshaw,Vulnerable Road User (VRU),Clear,Damaged / Potholes,Daylight,Low,1,0,1
ACC-10942,Assam,Kamrup Metropolitan,Guwahati,GS Road Khanapara Corridor,Khanapara Rotary to Six Mile Flyover,26.13322,91.80656,2021,11,11,17,Urban Arterial,Drunk Driving,Two-Wheeler,Vulnerable Road User (VRU),Clear,Damaged / Potholes,Daylight,Medium,1,1,0
ACC-10943,Assam,Kamrup Metropolitan,Guwahati,GS Road Khanapara Corridor,Khanapara Rotary to Six Mile Flyover,26.12262,91.80879,2021,1,24,9,Urban Arterial,Drunk Driving,Car,Motorized Passenger,Clear,Under Construction,Daylight,High,1,0,0
ACC-10944,Assam,Kamrup Metropolitan,Guwahati,GS Road Khanapara Corridor,Khanapara Rotary to Six Mile Flyover,26.13041,91.79718,2021,3,3,4,Urban Arterial,Drunk Driving,Auto-Rickshaw,Vulnerable Road User (VRU),Clear,Damaged / Potholes,Streetlights Operational,High,1,0,1
ACC-10945,Gujarat,Surat,Surat,Surat-Dumas Airport Road,Sultanabad Junction to Dumas Beach Cross,21.13726,72.7425,2022,12,16,2,State Highway,Drunk Driving,Car,Motorized Passenger,Fog/Mist,Dry / Smooth,Streetlights Operational,Congested,1,1,0
ACC-10946,Gujarat,Surat,Surat,Surat-Dumas Airport Road,Sultanabad Junction to Dumas Beach Cross,21.13885,72.7468,2022,12,4,4,State Highway,Dangerous Junction Geometry,Two-Wheeler,Vulnerable Road User (VRU),Fog/Mist,Damaged / Potholes,Streetlights Operational,Medium,1,0,2
ACC-10947,Gujarat,Surat,Surat,Surat-Dumas Airport Road,Sultanabad Junction to Dumas Beach Cross,21.1351,72.74571,2023,4,14,9,State Highway,Dangerous Junction Geometry,Pedestrian,Vulnerable Road User (VRU),Clear,Dry / Smooth,Daylight,Low,1,0,0
ACC-10948,Gujarat,Surat,Surat,Surat-Dumas Airport Road,Sultanabad Junction to Dumas Beach Cross,21.14945,72.74931,2021,10,25,4,State Highway,Drunk Driving,Two-Wheeler,Vulnerable Road User (VRU),Clear,Dry / Smooth,Streetlights Operational,Low,1,0,1
ACC-10949,Gujarat,Surat,Surat,Surat-Dumas Airport Road,Sultanabad Junction to Dumas Beach Cross,21.13714,72.7496,2023,8,12,10,State Highway,Poor Lighting,Car,Motorized Passenger,Rain,Wet / Slippery,Daylight,Congested,1,0,4
ACC-10950,Gujarat,Surat,Surat,Surat-Dumas Airport Road,Sultanabad Junction to Dumas Beach Cross,21.14081,72.74059,2021,12,12,19,State Highway,Poor Lighting,Car,Motorized Passenger,Rain,Under Construction,Poor / Intermittent,Medium,1,0,2
ACC-10951,Gujarat,Surat,Surat,Surat-Dumas Airport Road,Sultanabad Junction to Dumas Beach Cross,21.13686,72.74969,2022,6,13,13,State Highway,Dangerous Junction Geometry,Car,Motorized Passenger,Rain,Wet / Slippery,Daylight,Congested,1,0,2
ACC-10952,Gujarat,Surat,Surat,Surat-Dumas Airport Road,Sultanabad Junction to Dumas Beach Cross,21.14289,72.74384,2022,4,4,19,State Highway,Dangerous Junction Geometry,Car,Motorized Passenger,Rain,Under Construction,Unlit / Pitch Black,Medium,1,0,3
ACC-10953,Gujarat,Surat,Surat,Surat-Dumas Airport Road,Sultanabad Junction to Dumas Beach Cross,21.13873,72.74396,2024,10,24,18,State Highway,Dangerous Junction Geometry,Car,Motorized Passenger,Clear,Dry / Smooth,Streetlights Operational,High,1,1,1
ACC-10954,Gujarat,Surat,Surat,Surat-Dumas Airport Road,Sultanabad Junction to Dumas Beach Cross,21.14257,72.74566,2024,4,14,8,State Highway,Dangerous Junction Geometry,Car,Motorized Passenger,Rain,Wet / Slippery,Daylight,Congested,1,0,1
ACC-10955,Gujarat,Surat,Surat,Surat-Dumas Airport Road,Sultanabad Junction to Dumas Beach Cross,21.14866,72.75464,2023,12,28,21,State Highway,Drunk Driving,Two-Wheeler,Vulnerable Road User (VRU),Clear,Under Construction,Poor / Intermittent,Medium,1,0,2
ACC-10956,Gujarat,Surat,Surat,Surat-Dumas Airport Road,Sultanabad Junction to Dumas Beach Cross,21.14711,72.74419,2024,5,18,9,State Highway,Dangerous Junction Geometry,Two-Wheeler,Vulnerable Road User (VRU),Rain,Wet / Slippery,Daylight,Medium,1,0,1
ACC-10957,Gujarat,Surat,Surat,Surat-Dumas Airport Road,Sultanabad Junction to Dumas Beach Cross,21.14925,72.75185,2024,1,11,1,State Highway,Drunk Driving,Two-Wheeler,Vulnerable Road User (VRU),Fog/Mist,Dry / Smooth,Streetlights Operational,Congested,1,0,3
ACC-10958,Gujarat,Surat,Surat,Surat-Dumas Airport Road,Sultanabad Junction to Dumas Beach Cross,21.13415,72.7459,2021,8,13,15,State Highway,Poor Lighting,Pedestrian,Vulnerable Road User (VRU),Rain,Wet / Slippery,Daylight,High,1,0,1
ACC-10959,Gujarat,Surat,Surat,Surat-Dumas Airport Road,Sultanabad Junction to Dumas Beach Cross,21.14826,72.74858,2024,9,5,8,State Highway,Drunk Driving,Car,Motorized Passenger,Clear,Damaged / Potholes,Daylight,High,1,0,0
ACC-10960,Gujarat,Surat,Surat,Surat-Dumas Airport Road,Sultanabad Junction to Dumas Beach Cross,21.14,72.75261,2023,4,26,23,State Highway,Overspeeding,Car,Motorized Passenger,Rain,Wet / Slippery,Unlit / Pitch Black,High,1,1,1
ACC-10961,Gujarat,Surat,Surat,Surat-Dumas Airport Road,Sultanabad Junction to Dumas Beach Cross,21.13671,72.74226,2022,8,21,2,State Highway,Drunk Driving,Car,Motorized Passenger,Rain,Wet / Slippery,Poor / Intermittent,Medium,1,0,1
ACC-10962,Gujarat,Surat,Surat,Surat-Dumas Airport Road,Sultanabad Junction to Dumas Beach Cross,21.14444,72.74653,2021,2,2,11,State Highway,Drunk Driving,Car,Motorized Passenger,Clear,Damaged / Potholes,Daylight,Congested,1,0,1
ACC-10963,Gujarat,Surat,Surat,Surat-Dumas Airport Road,Sultanabad Junction to Dumas Beach Cross,21.13634,72.74184,2023,10,27,13,State Highway,Poor Lighting,Car,Motorized Passenger,Clear,Dry / Smooth,Daylight,Medium,1,0,3
ACC-10964,Gujarat,Surat,Surat,Surat-Dumas Airport Road,Sultanabad Junction to Dumas Beach Cross,21.14282,72.74859,2022,12,8,9,State Highway,Poor Lighting,Car,Motorized Passenger,Rain,Dry / Smooth,Daylight,Low,1,0,1
ACC-10965,Gujarat,Surat,Surat,Surat-Dumas Airport Road,Sultanabad Junction to Dumas Beach Cross,21.14439,72.75136,2024,12,5,1,State Highway,Dangerous Junction Geometry,Car,Motorized Passenger,Fog/Mist,Damaged / Potholes,Poor / Intermittent,Medium,1,1,0
ACC-10966,Gujarat,Surat,Surat,Surat-Dumas Airport Road,Sultanabad Junction to Dumas Beach Cross,21.14043,72.74836,2024,1,2,7,State Highway,Dangerous Junction Geometry,Two-Wheeler,Vulnerable Road User (VRU),Rain,Wet / Slippery,Daylight,Low,1,0,1
ACC-10967,Gujarat,Surat,Surat,Surat-Dumas Airport Road,Sultanabad Junction to Dumas Beach Cross,21.14342,72.74031,2023,8,1,14,State Highway,Drunk Driving,Pedestrian,Vulnerable Road User (VRU),Rain,Wet / Slippery,Daylight,Medium,1,0,1
ACC-10968,Gujarat,Surat,Surat,Surat-Dumas Airport Road,Sultanabad Junction to Dumas Beach Cross,21.13666,72.74343,2021,10,12,2,State Highway,Drunk Driving,Two-Wheeler,Vulnerable Road User (VRU),Rain,Wet / Slippery,Unlit / Pitch Black,Low,1,0,1